id,Date,CustomerName,Item,Quantity,UnitPrice,Total,Status,PaymentMethod
1,2024-09-18,Wilfrid Mathwen,Silicone Baking Molds,35,388281,13589835,SUCCESS,CASH
2,2025-04-12,Deloria Moyse,Stylish Wireless Earbuds,49,250061,12252989,FAILED,BANK TRANSFER
3,2025-04-14,Lari Clements,Wireless Security System,18,481438,8665884,SUCCESS,CREDIT CARD
4,2025-01-12,Grethel Stanlake,Digital Food Thermometer,72,989437,71239464,FAILED,QRIS
5,2024-12-25,Gilda Cauley,Honey Garlic Chicken,34,280240,9528160,FAILED,CASH
6,2024-08-31,Martica McTeague,Honey,99,924958,91570842,FAILED,PAY PAL
7,2025-07-04,Lia Burness,Sea Salt Caramel Brownie,31,550491,17065221,FAILED,QRIS
8,2024-12-10,Radcliffe Bowdidge,Cork Yoga Mat,88,516188,45424544,FAILED,QRIS
9,2025-02-05,Francois Sharpley,Pepperoni Pizza Roll-Ups,63,157057,9894591,SUCCESS,PAY PAL
10,2024-11-03,Minette Luxon,Wine Glasses,12,8127,97524,SUCCESS,CASH
11,2025-05-14,Annamarie Tomich,Avocado Lime Dressing,1,386957,386957,SUCCESS,PAY PAL
12,2024-11-23,Gene McNirlan,Portable Folding Picnic Table,10,223273,2232730,FAILED,CREDIT CARD
13,2024-12-21,Kaile Kinzett,Sliced Ham,98,562763,55150774,SUCCESS,PAY PAL
14,2024-12-11,Giorgia Dolton,Fitness Activity Journal,32,90884,2908288,FAILED,CASH
15,2024-09-27,Kinna Treace,Fitbit Activity Tracker,27,797903,21543381,FAILED,CREDIT CARD
16,2025-02-15,Gregoor Di Biasi,Bamboo Charcoal Air Purifier Bags,81,161180,13055580,SUCCESS,CASH
17,2024-09-04,Chrotoem Leipold,Tabletop Fire Pit,53,926725,49116425,SUCCESS,QRIS
18,2025-07-14,Dolley Attenburrow,Electric Hot Pot,35,597992,20929720,SUCCESS,CASH
19,2025-04-16,Arthur Grinov,Gluten-Free Biscuits,9,52837,475533,SUCCESS,CREDIT CARD
20,2024-12-09,Randell Bryce,Vanilla Almond Granola,31,892142,27656402,SUCCESS,QRIS
21,2024-11-08,Nan Kane,Pet Grooming Scissors,1,986597,986597,FAILED,BANK TRANSFER
22,2024-08-08,Frederique Goane,Classic Baseball Cap,68,908873,61803364,FAILED,QRIS
23,2025-07-04,Paule Pickavance,Bicycle Repair Kit,60,971091,58265460,FAILED,BANK TRANSFER
24,2025-05-05,Anneliese Ivashov,Carrot and Celery Sticks,27,846786,22863222,FAILED,CREDIT CARD
25,2024-11-03,Nancie Swatheridge,Shredded Cheese,81,908944,73624464,SUCCESS,PAY PAL
26,2025-02-12,Brita Simonetti,Compact Electric Kettle,93,944390,87828270,FAILED,BANK TRANSFER
27,2025-02-03,Kristel Oxterby,Veggie Burger Patties,59,394286,23262874,FAILED,PAY PAL
28,2025-05-01,Theodore Ludgrove,Balsamic Glazed Brussels Sprouts,93,962660,89527380,SUCCESS,BANK TRANSFER
29,2025-02-09,Cal Breadmore,Apple Juice,71,450289,31970519,FAILED,CREDIT CARD
30,2024-12-25,Chrysa Swinn,Brown Rice,80,193450,15476000,SUCCESS,QRIS
31,2025-04-21,Guinna Baddam,Vegetable Samosas,43,850153,36556579,SUCCESS,BANK TRANSFER
32,2025-03-19,Floria Feldhammer,LED Strip Lights,30,795012,23850360,FAILED,CREDIT CARD
33,2025-01-28,Ara Severs,Mini Cordless Vacuum Cleaner,27,697859,18842193,SUCCESS,PAY PAL
34,2025-03-23,Jenny Drillot,Homemade Salsa,14,246404,3449656,SUCCESS,BANK TRANSFER
35,2025-06-28,Homer Bernard,Arcade Game Machine,83,667958,55440514,SUCCESS,CASH
36,2024-09-27,Paula Young,Cocktail Shaker and Mixing Glass Set,77,729272,56153944,FAILED,CASH
37,2025-06-12,Deina Faussett,Sporty Slide Sandals,2,898118,1796236,SUCCESS,CASH
38,2025-07-14,Ricca Cunrado,Dark Chocolate Covered Raisins,83,138549,11499567,FAILED,CREDIT CARD
39,2025-02-18,Lishe Bento,Bodyweight Resistance Bands,57,659868,37612476,FAILED,CREDIT CARD
40,2025-03-06,Brooks Dewbury,Avocados,84,206514,17347176,FAILED,BANK TRANSFER
41,2024-12-06,Ninnette Wigzell,Silicone Baking Mat,13,146361,1902693,SUCCESS,QRIS
42,2025-07-10,Charmion Gimblett,Pet Hair Removal Brush,69,703210,48521490,FAILED,QRIS
43,2024-09-27,Georgeanne Proske,Tomato Basil Pasta Sauce,61,707581,43162441,FAILED,QRIS
44,2025-04-17,Urbano Beaulieu,Organic Black Bean Burger,62,314434,19494908,FAILED,CREDIT CARD
45,2025-06-17,Thomas Osbourne,Whole Chicken,67,789747,52913049,FAILED,PAY PAL
46,2025-01-21,Ike Barkworth,Herbal Tea Infuser,79,806283,63696357,FAILED,CASH
47,2025-02-15,Lucias Blowfelde,Sweetened Condensed Milk,11,359881,3958691,SUCCESS,BANK TRANSFER
48,2025-05-17,Sybil Peckitt,Sea Salt Caramel Brownie,86,415687,35749082,SUCCESS,PAY PAL
49,2024-10-22,Jaime Leishman,Arcade Game Machine,99,992221,98229879,SUCCESS,CREDIT CARD
50,2025-03-27,Leonardo Dunklee,Chocolate Raspberry Tart,100,54242,5424200,FAILED,QRIS
51,2025-02-18,Steffen Parmiter,Blueberry Muffin Mix,17,327279,5563743,SUCCESS,PAY PAL
52,2025-02-09,Emyle Castellet,Chocolate Coconut Granola,94,596641,56084254,SUCCESS,BANK TRANSFER
53,2024-08-07,Quincy Trow,Sriracha Sauce,39,339753,13250367,SUCCESS,QRIS
54,2025-04-01,Eamon Noye,Jump Rope with Counter,40,172020,6880800,FAILED,CREDIT CARD
55,2025-04-15,Romola Agates,Chilli Lime Corn on the Cob,19,322627,6129913,FAILED,PAY PAL
56,2024-11-02,Brent Impey,Maple Cinnamon Granola Bars,34,131929,4485586,FAILED,BANK TRANSFER
57,2024-11-29,Leanora Henze,Juice Extractor,3,998460,2995380,FAILED,BANK TRANSFER
58,2024-12-11,Marlane Delatour,Suede Ankle Booties,29,736087,21346523,FAILED,PAY PAL
59,2025-04-10,Goran Fessier,Tuscan Bean Soup,85,304177,25855045,SUCCESS,QRIS
60,2024-10-31,Kermie Dalrymple,Rolling Cooler,67,692961,46428387,FAILED,QRIS
61,2025-07-13,Art Chesshire,Portable UV Sterilizer,43,790963,34011409,FAILED,CASH
62,2025-06-14,Saraann Guidoni,Cream Cheese,87,791199,68834313,SUCCESS,CASH
63,2025-01-30,Debra Foulger,Pet Grooming Brush,25,313299,7832475,FAILED,CREDIT CARD
64,2025-03-24,Taddeusz Reddlesden,Fire Roasted Salsa,34,844672,28718848,SUCCESS,BANK TRANSFER
65,2025-07-06,Elna Krienke,Pet First Aid Kit,78,979430,76395540,FAILED,PAY PAL
66,2024-08-03,Linoel Geerits,Electric Food Slicer,77,386090,29728930,FAILED,CASH
67,2024-10-26,Carol-jean Cunliffe,Cinnamon Apple Sauce,99,402424,39839976,SUCCESS,CREDIT CARD
68,2024-10-11,Charity Ebsworth,Fitness Jump Rope,7,607012,4249084,FAILED,BANK TRANSFER
69,2025-02-02,Candra Caudray,Tailored Blazer,96,951244,91319424,SUCCESS,PAY PAL
70,2025-04-07,Romy Curnnok,Caramelized Onion Dip Mix,76,860111,65368436,FAILED,CREDIT CARD
71,2024-12-15,Muffin Goodfield,Pet Water Fountain,77,261397,20127569,SUCCESS,PAY PAL
72,2025-03-01,Sybila Paff,Electric Wax Warmer,72,878269,63235368,SUCCESS,CASH
73,2024-10-29,Daisi O'Reilly,Smartphone Hand Grip,24,210594,5054256,SUCCESS,CASH
74,2025-02-02,Aylmar Elizabeth,Ranch Dressing,72,169512,12204864,FAILED,CASH
75,2024-11-26,Shanna Padgham,Set of Gardening Gloves with Claws,30,158253,4747590,FAILED,CREDIT CARD
76,2025-07-05,Simonne Spenton,USB Wall Charger,22,450531,9911682,FAILED,PAY PAL
77,2025-05-03,Haskell Maffulli,Warm Wool Sweater,5,97964,489820,FAILED,PAY PAL
78,2024-08-16,Patty Stivey,Sesame Noodles,62,117024,7255488,SUCCESS,BANK TRANSFER
79,2025-06-05,Lucais Chaundy,Digital Food Thermometer,74,869174,64318876,FAILED,PAY PAL
80,2024-10-24,Sammie Redsell,Fitness Tracker Watch,36,743746,26774856,FAILED,BANK TRANSFER
81,2025-06-10,Elmo Worge,Portable Ice Maker,58,983713,57055354,FAILED,PAY PAL
82,2024-12-17,Dyan Husselbee,Set of Measuring Spoons,51,208515,10634265,FAILED,PAY PAL
83,2024-10-29,Maitilde Bushen,Honey Glazed Carrots,17,308735,5248495,SUCCESS,BANK TRANSFER
84,2024-11-15,Esther Cleland,Sesame Noodles,16,428103,6849648,FAILED,BANK TRANSFER
85,2024-10-18,Bellanca Parvin,Infrared Thermometer,23,775102,17827346,FAILED,CREDIT CARD
86,2024-11-19,Roy Perrott,Portable Massage Gun,16,730324,11685184,FAILED,CASH
87,2024-10-30,Matty Gaber,Honey Roasted Peanuts,66,632754,41761764,SUCCESS,CASH
88,2025-02-23,Edwin Eates,Ceramic Planter Set,8,908194,7265552,FAILED,QRIS
89,2025-07-11,Shaylynn Yewdall,Almond Flour Brownies,49,462679,22671271,FAILED,CASH
90,2024-09-05,Bradney Mathonnet,Set of Decorative Storage Bins,8,378671,3029368,FAILED,CREDIT CARD
91,2024-07-30,Sissy Brumham,Organic Almond Flour,14,970313,13584382,SUCCESS,CASH
92,2025-04-21,Eric Boxhill,Recipe Book Stand,40,260118,10404720,FAILED,CASH
93,2025-04-20,Gregor Mc Ilory,Recipe Book Stand,36,425024,15300864,FAILED,QRIS
94,2025-05-01,Padriac Loram,Caramelized Onion Dip Mix,78,77215,6022770,FAILED,BANK TRANSFER
95,2024-08-15,Klarika McNee,Veggie Burger Patties,42,364216,15297072,FAILED,BANK TRANSFER
96,2025-02-14,Baxie Fish,Sour Cream,75,861202,64590150,SUCCESS,CREDIT CARD
97,2025-07-04,Eran Ashdown,Butternut Squash Ravioli,70,835012,58450840,SUCCESS,CASH
98,2024-12-31,Ardeen Yven,Floral Wrap Top,57,45943,2618751,FAILED,CREDIT CARD
99,2024-10-15,Pepillo Rothschild,Cranberry Orange Oatmeal,86,655546,56376956,SUCCESS,CREDIT CARD
100,2025-06-08,Albrecht Rawsthorne,Emergency Preparedness Kit,52,56114,2917928,SUCCESS,QRIS
101,2024-12-01,Dalia Laffan,Lightweight Rain Jacket,75,773436,58007700,SUCCESS,PAY PAL
102,2025-03-26,Vito Blackwood,Mango Chilli Sauce,14,40003,560042,FAILED,QRIS
103,2025-05-24,Klement Dyson,Electric Heat Press Machine,75,196341,14725575,SUCCESS,PAY PAL
104,2024-12-29,Chery Ricciardi,Curried Lentil Salad,90,509683,45871470,FAILED,PAY PAL
105,2025-03-09,Irving Loadsman,Slim Fit Chinos,63,783250,49344750,SUCCESS,BANK TRANSFER
106,2025-01-04,Elli Kenneway,Raspberry Tart,86,705246,60651156,SUCCESS,QRIS
107,2024-09-13,Crin Adamowicz,Garden Tool Set,82,681986,55922852,FAILED,QRIS
108,2024-12-26,Cirstoforo Bretherton,Coconut Lime Rice,81,440130,35650530,FAILED,BANK TRANSFER
109,2024-12-31,Garnette Sachno,Carrot Ginger Soup,52,935095,48624940,FAILED,BANK TRANSFER
110,2025-01-17,Orlan Kitchiner,Natural Fruit Snacks,47,308146,14482862,SUCCESS,BANK TRANSFER
111,2024-12-19,Madel Sharples,Pet Grooming Gloves,17,101215,1720655,FAILED,PAY PAL
112,2025-01-12,Jacklin Arne,Coconut Curry Sauce,34,126448,4299232,FAILED,CASH
113,2024-08-13,Carley Lathaye,LED Disco Ball Light,13,908992,11816896,SUCCESS,CREDIT CARD
114,2024-09-04,Evangelina Capenor,Emergency Preparedness Kit,84,632341,53116644,SUCCESS,PAY PAL
115,2024-12-26,Aili Ridger,Essential Oil Diffuser,16,568902,9102432,FAILED,CASH
116,2025-02-11,Ludvig Sherwood,Cereal Dispenser with Portion Control,94,337655,31739570,FAILED,PAY PAL
117,2024-12-07,Annalise Ogg,Dark Chocolate Covered Almonds,10,565369,5653690,FAILED,PAY PAL
118,2025-06-14,Calhoun Olerenshaw,Cinnamon Roll Dough,33,746521,24635193,FAILED,PAY PAL
119,2025-03-05,Carleen Calladine,Wall Decals for Kids,26,492124,12795224,FAILED,BANK TRANSFER
120,2024-11-16,Issiah Ferandez,Ground Turkey,8,476255,3810040,FAILED,PAY PAL
121,2025-02-28,Horst Cabena,Smart Light Switch,15,719326,10789890,SUCCESS,PAY PAL
122,2025-01-20,Shayna Parlet,Coconut Chia Seed Pudding,3,687342,2062026,FAILED,PAY PAL
123,2024-11-15,Saxe Brumbye,Oven-Baked Parmesan Zucchini,15,231878,3478170,SUCCESS,QRIS
124,2025-05-11,Auguste Meeks,Turkey Bacon,100,160385,16038500,FAILED,QRIS
125,2024-08-21,Orbadiah Skeffington,Herb Seasoned Croutons,68,117396,7982928,FAILED,PAY PAL
126,2025-02-20,Kirby Allder,Chipotle Lime Salsa,100,804240,80424000,SUCCESS,BANK TRANSFER
127,2025-01-25,Petunia Jickells,Garlic & Herb Goat Cheese,67,973654,65234818,FAILED,QRIS
128,2024-10-15,Klaus Bartolommeo,Mini Indoor Hydroponic Garden,70,16319,1142330,SUCCESS,CASH
129,2025-04-02,Robinson Marrett,Frozen Mixed Vegetables,3,532261,1596783,FAILED,CASH
130,2024-12-06,Tracy Pratte,V-Neck Sweater,96,221178,21233088,SUCCESS,CREDIT CARD
131,2025-05-24,Falkner Havis,Baked Falafel Balls,1,363752,363752,SUCCESS,BANK TRANSFER
132,2024-12-31,Ora Snibson,Wall Art,98,815528,79921744,SUCCESS,CREDIT CARD
133,2025-04-12,Warden Pitceathly,Magnetic Curtain Tiebacks,35,400017,14000595,SUCCESS,BANK TRANSFER
134,2024-12-26,Eveline Hovenden,Oven-Baked Chicken Tenders,59,897033,52924947,SUCCESS,BANK TRANSFER
135,2024-09-28,Donal Culvey,Spaghetti and Meatball Dinner Kit,32,297738,9527616,FAILED,CASH
136,2025-06-10,Dame Hoonahan,Cauliflower Crust Pizza,85,397069,33750865,SUCCESS,BANK TRANSFER
137,2025-01-02,Jacklin Cobson,Couscous Mix,56,848603,47521768,FAILED,QRIS
138,2024-07-30,Steven Hawkeridge,Sweet Pea Hummus,96,387120,37163520,FAILED,CASH
139,2025-01-15,Chelsea Galsworthy,Foam Roller for Muscle Recovery,56,100761,5642616,SUCCESS,PAY PAL
140,2024-12-18,Shandee Dyball,Organic Whole Grain Oats,60,304176,18250560,SUCCESS,PAY PAL
141,2024-08-16,Brianna Probert,Puffed Rice Cake,82,714820,58615240,FAILED,CREDIT CARD
142,2024-10-12,Wynne Vallis,Home Karaoke System,53,941453,49897009,FAILED,PAY PAL
143,2025-01-19,Micaela Colleton,Skincare Set,70,411041,28772870,FAILED,CREDIT CARD
144,2025-01-18,Matteo Baldree,Mint Chocolate Chip Ice Cream,43,935045,40206935,SUCCESS,CREDIT CARD
145,2025-03-30,Shawna Ros,Frozen Spinach,70,708445,49591150,SUCCESS,CASH
146,2024-08-27,Suzann Berka,USB Desk Fan,74,506304,37466496,FAILED,BANK TRANSFER
147,2025-06-04,Xylina Stygall,Maple Pecan Granola,28,116135,3251780,FAILED,BANK TRANSFER
148,2025-03-16,Devinne Orpwood,Slim Fit Chinos,54,828916,44761464,SUCCESS,CREDIT CARD
149,2024-11-17,Ashli Maundrell,Vegan Taco Seasoning,79,61638,4869402,SUCCESS,PAY PAL
150,2025-03-18,Cristie Way,Scented Candles,66,783088,51683808,FAILED,QRIS
151,2024-08-25,Harman Braley,Cinnamon Sugar Tortilla Chips,42,228132,9581544,FAILED,PAY PAL
152,2025-05-22,Sella Treker,Phone Screen Protector,81,500478,40538718,SUCCESS,QRIS
153,2025-05-15,Giraldo Leatt,Digital Voice Recorder,12,359131,4309572,SUCCESS,PAY PAL
154,2024-10-07,Juana Fryman,High-Quality Yoga Block,84,660514,55483176,SUCCESS,CASH
155,2024-10-04,Rich Dennistoun,Sliced Bread,81,899438,72854478,FAILED,PAY PAL
156,2024-09-29,Ximenez Colin,Spinach and Feta Stuffed Chicken Breast,46,616284,28349064,FAILED,QRIS
157,2025-03-06,Niels Eastby,Graphic Print Leggings,66,89917,5934522,SUCCESS,PAY PAL
158,2024-11-30,Isa Hallwell,Peach Mango Smoothie Mix,34,502838,17096492,SUCCESS,BANK TRANSFER
159,2025-04-12,Leda Camerati,Savory Breakfast Sausage,27,934181,25222887,SUCCESS,CASH
160,2024-12-25,Annaliese Sharpley,Outdoor Adventure Kit,29,805652,23363908,FAILED,CASH
161,2025-05-29,Emylee Bickmore,LED Desk Lamp with USB Charging Port,44,776463,34164372,FAILED,CASH
162,2024-10-04,Vasilis Mabon,Waterproof Rain Boots,22,50611,1113442,FAILED,QRIS
163,2024-08-05,Syman Froschauer,Wi-Fi Enabled Smart Light Switch,55,505374,27795570,FAILED,QRIS
164,2025-03-23,Alberto Eannetta,Pasta Primavera,24,829182,19900368,SUCCESS,QRIS
165,2025-07-09,Gwendolen Brouard,Italian Pasta,20,565185,11303700,SUCCESS,PAY PAL
166,2025-07-17,Huntlee Landrick,Cocktail Shaker and Mixing Glass Set,64,767695,49132480,FAILED,PAY PAL
167,2024-11-17,Devina Rosenkrantz,Pet Grooming Glove,47,878776,41302472,FAILED,QRIS
168,2024-09-26,Edi Seyfart,Decorative Throw Pillows,33,325782,10750806,FAILED,QRIS
169,2025-05-17,Amelita Horstead,Creamy Garlic Mashed Potatoes,46,905798,41666708,SUCCESS,BANK TRANSFER
170,2025-02-17,Susannah Dibden,Digital Stopwatch Timer,100,664683,66468300,SUCCESS,PAY PAL
171,2025-01-11,Timmy Edgson,Set of Silicone Cooking Utensils,44,484001,21296044,SUCCESS,CASH
172,2025-07-01,Adrianna Ogles,Oats,50,649817,32490850,SUCCESS,CASH
173,2025-01-02,Tarrah Lawley,Digital Photo Frame,99,763142,75551058,SUCCESS,CASH
174,2025-06-03,Paolo Horder,Fresh Lemons,34,694939,23627926,FAILED,CREDIT CARD
175,2025-03-09,Shaylah Rickerby,Teriyaki Salmon Fillets,8,164284,1314272,SUCCESS,CASH
176,2025-05-15,Tremaine Elvins,Sweet Potato Fries,68,580703,39487804,SUCCESS,PAY PAL
177,2024-12-19,Cull Flinders,Handmade Leather Journal,100,142721,14272100,FAILED,BANK TRANSFER
178,2025-07-17,Bradan Bath,Memory Foam Mattress Topper,34,774959,26348606,FAILED,CREDIT CARD
179,2025-03-04,Ellynn Sleith,Backpacking Tent,16,280347,4485552,SUCCESS,CREDIT CARD
180,2025-04-23,Nyssa O'Hern,Fitness Tracker,65,347483,22586395,SUCCESS,CASH
181,2025-05-01,Becki Wayland,Herb Seasoned Croutons,36,554188,19950768,SUCCESS,QRIS
182,2024-12-21,Rosamond O'Criane,Pet Waterer with Filtration,77,94215,7254555,FAILED,CREDIT CARD
183,2025-06-30,Eloise Cardew,Children's Musical Instrument Set,44,506965,22306460,FAILED,PAY PAL
184,2025-04-16,Langston Augustine,Spinach and Cheese Stuffed Shells,37,607904,22492448,SUCCESS,CASH
185,2025-05-24,Agatha Olsson,Corn Tortillas,92,361632,33270144,SUCCESS,BANK TRANSFER
186,2024-08-19,Bill Patis,Creamy Ranch Dressing,34,99053,3367802,SUCCESS,QRIS
187,2024-11-27,Merilyn Guion,Organic Honeycrisp Apples,55,881327,48472985,FAILED,CASH
188,2024-11-08,Hewitt Abella,Smartphone Tripod,57,673221,38373597,FAILED,QRIS
189,2025-04-15,Louise Berzen,Digital Alarm Clock,77,161934,12468918,FAILED,PAY PAL
190,2025-02-06,Zedekiah Stammirs,Herbed Goat Cheese,49,835020,40915980,FAILED,BANK TRANSFER
191,2024-12-05,Babette Pruckner,Organic Coconut Sugar,17,277129,4711193,SUCCESS,PAY PAL
192,2025-01-07,Ari Gaskell,Car Escape Tool,52,470287,24454924,SUCCESS,CREDIT CARD
193,2024-07-24,Allene Gricks,Board Game Storage,52,874700,45484400,SUCCESS,BANK TRANSFER
194,2025-04-19,Cicily Guiver,Nature Explorer Lens Kit,89,545441,48544249,FAILED,BANK TRANSFER
195,2025-02-24,Bess Finlow,Silicone Ice Cube Tray,14,843206,11804884,SUCCESS,QRIS
196,2024-12-16,Reider Kahn,Bicycle Repair Kit,75,821458,61609350,FAILED,CASH
197,2024-08-16,Ronnie Kornacki,Sweet Potato & Kale Hash,80,127502,10200160,SUCCESS,CREDIT CARD
198,2025-06-29,Emmalynne Paroni,Pet Nail Clipper,5,24773,123865,FAILED,PAY PAL
199,2025-01-23,Daphne Domney,Mint Chocolate Chip Ice Cream,49,869290,42595210,FAILED,BANK TRANSFER
200,2024-10-15,Raynell Outibridge,Almond Butter,77,43862,3377374,SUCCESS,QRIS
201,2024-07-20,Leeland Gash,Biodegradable Phone Case,72,780506,56196432,FAILED,CREDIT CARD
202,2025-03-21,Emerson Gooley,Honey Garlic Sauce,10,522090,5220900,SUCCESS,CREDIT CARD
203,2025-04-12,Agna Knoles,Nutty Granola Clusters,93,524490,48777570,SUCCESS,QRIS
204,2025-04-02,Nelle Ungerecht,Organic Apples,18,459766,8275788,SUCCESS,BANK TRANSFER
205,2025-04-01,Lorrin Lebond,Teriyaki Stir-Fry Sauce,62,436023,27033426,FAILED,CREDIT CARD
206,2025-01-20,Aylmar Haack,Coconut Almond Granola,33,393861,12997413,SUCCESS,CREDIT CARD
207,2025-07-12,Merry Szymanzyk,Backpacking Tent,30,85354,2560620,SUCCESS,CREDIT CARD
208,2025-06-01,Leontine Salomon,Trendy Bomber Jacket,87,933410,81206670,SUCCESS,BANK TRANSFER
209,2024-11-11,Wally Sewards,Chicken Sausage,10,84715,847150,SUCCESS,CASH
210,2024-12-15,Aldwin Le Noire,Waffle Maker,28,224465,6285020,FAILED,QRIS
211,2025-02-04,Urbano Rihosek,Safety Goggles,56,167949,9405144,SUCCESS,BANK TRANSFER
212,2024-08-30,Rolph Adger,Overnight Duffle Bag,27,238767,6446709,SUCCESS,CASH
213,2025-04-13,Alameda Rainsbury,Leather Wallet,19,77857,1479283,FAILED,BANK TRANSFER
214,2024-09-26,Lexy Kennally,Pet Hair Vacuum Attachment,64,511980,32766720,FAILED,PAY PAL
215,2024-09-03,Cash Binning,High-Low Hem Tee,5,819911,4099555,FAILED,PAY PAL
216,2024-10-05,Skye Hardwell,Cinnamon Spiced Almonds,27,625643,16892361,SUCCESS,CREDIT CARD
217,2025-01-03,Brigit Stobart,Coconut Almond Granola,22,51268,1127896,FAILED,QRIS
218,2024-11-24,Waite Illston,Spicy Vegetable Sushi Rolls,58,675295,39167110,SUCCESS,QRIS
219,2025-06-16,Margarete Doveston,Scent Diffuser Oil,1,953556,953556,SUCCESS,QRIS
220,2025-03-31,Maggie Hirsch,Lemon Lime Sparkling Water,75,721916,54143700,FAILED,BANK TRANSFER
221,2025-04-04,Clary Finlator,Self-Massaging Pillow,46,294406,13542676,SUCCESS,CASH
222,2025-04-07,Gabriella Somner,Chicken Parmesan Dinner Kit,4,311404,1245616,SUCCESS,PAY PAL
223,2024-07-28,Ricky Ingraham,Mushroom Soup (canned),63,845283,53252829,SUCCESS,PAY PAL
224,2025-07-05,Dusty Bickford,Mobile Workbench,24,516085,12386040,FAILED,BANK TRANSFER
225,2024-12-06,Sofie Dugdale,Outdoor Inflatable Pool,81,653636,52944516,FAILED,PAY PAL
226,2025-02-03,Adams Arnolds,Peach Mango Smoothie,93,569986,53008698,FAILED,CASH
227,2025-06-20,Angelika Pecha,Sliced Bell Peppers,11,522450,5746950,SUCCESS,QRIS
228,2025-05-01,Nicole McElhinney,Fitness Activity Journal,64,113598,7270272,SUCCESS,QRIS
229,2024-12-11,Brok Tibb,Crispy Onion Rings,75,969895,72742125,SUCCESS,CREDIT CARD
230,2025-02-02,Damaris Jurkowski,Overnight Duffle Bag,11,404298,4447278,SUCCESS,QRIS
231,2025-01-24,Helen Wegenen,Multi-Function Smartphone Holder,41,854313,35026833,FAILED,QRIS
232,2024-08-24,Josiah O'Duilleain,Zucchini Noodle Pasta,2,707432,1414864,FAILED,PAY PAL
233,2025-06-24,Ardene Parmer,Coffee Subscription Service,20,718831,14376620,FAILED,BANK TRANSFER
234,2025-04-19,Thomasina Kermitt,Sliced Avocado,43,480624,20666832,SUCCESS,CASH
235,2025-04-30,Benoite Gaylard,Wireless Earbud Silicone Covers,87,70193,6106791,SUCCESS,PAY PAL
236,2025-01-04,Misty Twist,Beef Chili,31,422567,13099577,SUCCESS,CASH
237,2025-02-17,Tonye Wortley,Foldable Yoga Mat,31,432301,13401331,SUCCESS,PAY PAL
238,2024-11-19,Violante Gilder,Crispy Rice Treats,35,594043,20791505,FAILED,BANK TRANSFER
239,2025-01-27,Alisa Sheircliffe,Cauliflower Pizza Crust,22,98896,2175712,SUCCESS,BANK TRANSFER
240,2025-04-07,Brant Vossgen,Sweet Potato Noodles,99,292391,28946709,FAILED,CASH
241,2024-11-17,Fiona Crampin,Salsa Verde,80,877398,70191840,FAILED,BANK TRANSFER
242,2025-02-20,Eolanda Schachter,Buffalo Stilton Cheese,90,807508,72675720,FAILED,BANK TRANSFER
243,2024-09-23,Linnell Graffin,Almond Joy Munch Bars,70,446067,31224690,FAILED,CASH
244,2024-11-15,Minne Oneil,Travel Laundry Bag,47,993081,46674807,FAILED,BANK TRANSFER
245,2025-05-24,Brenda Ouver,LED Flashlight with Rechargeable Batteries,98,599552,58756096,FAILED,BANK TRANSFER
246,2024-07-20,Augustina McParland,Puffed Rice Cake,89,591553,52648217,FAILED,PAY PAL
247,2025-06-19,Stanly Gascoyen,LED Makeup Mirror,33,458477,15129741,FAILED,CASH
248,2025-06-14,Kingsly Audsley,Granola,87,445341,38744667,FAILED,QRIS
249,2024-11-07,Wendi Leathers,Fresh Basil Pesto,10,760537,7605370,SUCCESS,BANK TRANSFER
250,2025-03-18,Mead Dealey,Vegetable Fried Rice,7,325120,2275840,FAILED,CREDIT CARD
251,2025-03-23,Hal Joppich,Eco-Friendly Notepad,11,732385,8056235,SUCCESS,PAY PAL
252,2025-05-06,Maxi Abramovic,Classic Leather Wallet,74,153846,11384604,SUCCESS,BANK TRANSFER
253,2024-08-04,Elysia Barclay,Home Delivery Food Journal,81,888693,71984133,SUCCESS,QRIS
254,2025-07-15,Nelia Kiely,Travel Beach Blanket,14,827462,11584468,SUCCESS,PAY PAL
255,2024-09-11,Quentin Wasson,Cat Tree,100,621738,62173800,SUCCESS,BANK TRANSFER
256,2024-10-06,Waldemar Ellcock,Noise Cancelling Ear Muffs,1,535457,535457,FAILED,BANK TRANSFER
257,2024-11-12,Cleveland Martinovsky,Golf Putting Green,90,498048,44824320,FAILED,PAY PAL
258,2024-07-28,Roz Gilbanks,Mini Indoor Herb Garden Kit,23,811069,18654587,SUCCESS,CREDIT CARD
259,2025-06-05,Daniella Manton,Maple Pecan Granola,29,206233,5980757,SUCCESS,BANK TRANSFER
260,2024-09-23,Susanna Capell,Honey Garlic Shrimp,31,919554,28506174,SUCCESS,CASH
261,2025-03-06,Anthony Hallgalley,Chiffon Blouse,100,284748,28474800,SUCCESS,CREDIT CARD
262,2025-03-26,Friederike Minard,Classic Black Trousers,17,911346,15492882,FAILED,QRIS
263,2024-08-11,Sisile Mostyn,Toy Building Set,91,20640,1878240,FAILED,CASH
264,2025-07-18,Mick Hiscocks,Karaoke Microphone,79,836077,66050083,FAILED,CREDIT CARD
265,2025-02-19,Brade Greiser,Vegetable Stir Fry Mix,70,295035,20652450,FAILED,BANK TRANSFER
266,2025-02-17,Corbie Neville,Peanut Butter Chocolate Chip Bars,44,29093,1280092,FAILED,PAY PAL
267,2024-08-17,Lionello Lavrick,Italian Breadsticks,53,317857,16846421,SUCCESS,CASH
268,2024-11-01,Correy Haccleton,Portable Solar Phone Charger,20,455925,9118500,FAILED,QRIS
269,2024-10-18,Moselle Bockler,Non-Slip Yoga Socks,18,607209,10929762,FAILED,QRIS
270,2025-07-14,Willi Patridge,Travel Laundry Bag,2,903459,1806918,FAILED,PAY PAL
271,2025-06-02,Franky Judd,Cinnamon Ice Cream,33,52708,1739364,FAILED,PAY PAL
272,2024-11-25,Emmy Lawfull,Kids' Trampoline,16,114749,1835984,FAILED,CREDIT CARD
273,2025-03-24,Jeffry Quigg,Sliced Bread,20,638794,12775880,SUCCESS,QRIS
274,2025-05-01,Sofie Meaker,Veggie Lovers Pizza,74,993015,73483110,FAILED,CREDIT CARD
275,2024-10-04,Lindsy D'Avaux,Personal Safety Alarm,77,561823,43260371,FAILED,BANK TRANSFER
276,2024-07-19,August Annetts,Coconut Lime Rice,97,69427,6734419,FAILED,QRIS
277,2024-09-22,Kristien Sturman,Gaming Mousepad,6,74246,445476,FAILED,CREDIT CARD
278,2024-08-15,Darb Butterworth,Quinoa Salad,6,114650,687900,FAILED,CREDIT CARD
279,2024-11-19,Terencio Skelly,Granola Cereal,35,910068,31852380,SUCCESS,BANK TRANSFER
280,2025-05-26,Daffi Gelderd,Zucchini Noodle Pasta,75,508377,38128275,FAILED,BANK TRANSFER
281,2024-09-30,Vicky Lineen,Chocolate Dipped Fruit,54,934286,50451444,FAILED,BANK TRANSFER
282,2024-11-15,Agustin Dodamead,Fashionable Scarves Set,26,103558,2692508,SUCCESS,CASH
283,2025-03-06,Bennett Willey,Organic Green Apples,41,393360,16127760,SUCCESS,QRIS
284,2025-02-13,Ab Kepe,Chickpeas,12,809412,9712944,FAILED,PAY PAL
285,2025-07-17,Curr Vyel,Portable Air Compressor,44,759007,33396308,SUCCESS,CREDIT CARD
286,2024-08-04,Yoko Canizares,Chickpeas,69,511503,35293707,SUCCESS,CREDIT CARD
287,2025-03-22,Faustine Twort,Magnetic Curtain Tiebacks,61,35295,2152995,FAILED,BANK TRANSFER
288,2024-11-19,Annissa Kilpatrick,Stainless Steel Straws,71,977475,69400725,SUCCESS,QRIS
289,2025-06-26,Lodovico Gethen,Maple Bacon Popcorn,35,875934,30657690,FAILED,CASH
290,2024-08-15,Milty Oxbe,Portable Bluetooth Keyboard,36,77828,2801808,SUCCESS,BANK TRANSFER
291,2025-02-18,Alie Donwell,Gardening Fairy Figurines,43,391549,16836607,FAILED,BANK TRANSFER
292,2025-01-05,Brenn Danell,Vegan Protein Powder,3,807743,2423229,SUCCESS,PAY PAL
293,2024-08-30,Lenette Cumine,Electric Milk Frother,56,448272,25103232,FAILED,PAY PAL
294,2024-09-18,Estele Bilsland,Pumpkin Spice Pancake Mix,3,116349,349047,SUCCESS,CASH
295,2025-04-12,Marion Skehens,Tortilla Chips,21,529475,11118975,SUCCESS,PAY PAL
296,2024-08-10,Zebulon Ghilardi,Portable Solar Phone Charger,65,555552,36110880,FAILED,QRIS
297,2025-07-01,Neill Collier,Pasta Portion Control Measure,97,91345,8860465,FAILED,QRIS
298,2025-01-27,Mehetabel Bellay,Lemon Basil Pasta Sauce,67,647234,43364678,FAILED,CREDIT CARD
299,2025-03-28,Ariadne Scuse,Handheld Shower Head,5,332453,1662265,SUCCESS,CREDIT CARD
300,2024-12-07,Dare Yitzowitz,Apple Cinnamon Granola,73,776170,56660410,SUCCESS,PAY PAL
301,2024-12-25,Rianon Echalier,Wine Decanter,69,66130,4562970,FAILED,QRIS
302,2025-07-03,Curry Townshend,Basmati Rice,64,222871,14263744,SUCCESS,CASH
303,2025-06-13,Tracy Beteriss,Electric Toothbrush Holder,55,169559,9325745,FAILED,CREDIT CARD
304,2024-09-07,Shandee Kinton,Personal Safety Alarm,98,730573,71596154,SUCCESS,QRIS
305,2025-05-28,Charlotte Hanlon,Video Camera,84,975284,81923856,FAILED,CREDIT CARD
306,2024-10-26,Gino Faussett,Pet Travel Carrier,29,778626,22580154,FAILED,BANK TRANSFER
307,2025-06-29,Geordie Vonderdell,Whipped Cream Cheese,15,986287,14794305,SUCCESS,CREDIT CARD
308,2024-10-04,Tadeo Guerri,Noise-Canceling Earbuds,46,242851,11171146,FAILED,QRIS
309,2025-06-27,Pippy Molan,Potato Wedge Seasoning,61,977499,59627439,FAILED,CREDIT CARD
310,2024-12-02,Luce Wardington,Pork Tenderloin,86,957546,82348956,FAILED,QRIS
311,2024-11-10,Ryley Formby,Siphon Coffee Maker,38,691579,26280002,FAILED,QRIS
312,2024-11-14,Dorena Gravie,Honey Nut Cheerios,90,712148,64093320,SUCCESS,PAY PAL
313,2025-04-12,Cymbre Humbert,Workstation Laptop Stand,79,222404,17569916,FAILED,CREDIT CARD
314,2025-07-12,Rebekah Abrahamsohn,Handheld Shower Head,7,512061,3584427,SUCCESS,CREDIT CARD
315,2024-11-30,Gil Le Lievre,Garlic and Herb Rub,31,85009,2635279,FAILED,CREDIT CARD
316,2025-02-11,Dino Mosson,Electric Food Steamer,13,916223,11910899,SUCCESS,CASH
317,2024-10-22,Alphonse Hedaux,Electric Wine Opener,5,222167,1110835,SUCCESS,PAY PAL
318,2025-03-23,Laryssa Helleker,Athletic Sports Bra,90,710301,63927090,SUCCESS,CASH
319,2024-08-27,Seward Bavin,Spicy Garlic Edamame,27,955453,25797231,FAILED,QRIS
320,2024-08-04,Ola Ganiclef,Graphic Hoodie,82,476420,39066440,SUCCESS,CREDIT CARD
321,2025-05-23,Trudie Kleinholz,Garlic Parmesan Roasted Potatoes,20,121642,2432840,FAILED,PAY PAL
322,2024-08-03,Doloritas Goding,Silicone Baking Mats,72,61249,4409928,FAILED,PAY PAL
323,2025-01-31,Irwin Bortolutti,Utility Cargo Pants,6,282649,1695894,SUCCESS,BANK TRANSFER
324,2025-01-25,Rose Cecely,LED Strip Lights Kit,88,3013,265144,SUCCESS,CREDIT CARD
325,2025-06-15,Court Colcomb,Maple Oatmeal,55,496449,27304695,FAILED,CASH
326,2024-09-26,Noemi Nerne,Coconut Cream Pie Yogurt,51,704296,35919096,FAILED,CASH
327,2025-04-10,Felipa Viggers,Pet Carrier,7,939303,6575121,SUCCESS,PAY PAL
328,2025-01-22,Parnell Domange,Peach Fruit Cups,36,281423,10131228,SUCCESS,BANK TRANSFER
329,2024-10-22,Rois Tamsett,Dishwasher Safe Cutting Board,40,282581,11303240,SUCCESS,QRIS
330,2024-09-19,Fidelio Tankard,French Bread,100,17458,1745800,SUCCESS,CASH
331,2025-05-11,Conway Fearney,Sliced Strawberries,59,973831,57456029,SUCCESS,QRIS
332,2025-03-10,Myrtie Essel,Pasta Sauce Mix,12,423958,5087496,FAILED,PAY PAL
333,2024-12-29,Chelsey Lampett,Golf Polo Shirt,79,482964,38154156,SUCCESS,PAY PAL
334,2025-02-09,Cornelle Tissiman,Oven Mitts,4,220430,881720,FAILED,BANK TRANSFER
335,2025-07-13,Barry Sudell,Pet Hair Removal Roller,17,469115,7974955,FAILED,QRIS
336,2025-01-31,Hendrick Netley,Cajun Seasoning,81,734306,59478786,FAILED,CREDIT CARD
337,2025-03-01,Ashlen Le Surf,Mobile Workbench,42,324673,13636266,FAILED,CASH
338,2025-07-11,Marcia Makin,Paprika,25,230727,5768175,SUCCESS,CASH
339,2024-12-25,Palmer Redsell,Pineapple Salsa,32,843686,26997952,FAILED,CREDIT CARD
340,2025-04-15,Allegra Hallitt,Cat Scratching Post with Toys,1,826894,826894,SUCCESS,CREDIT CARD
341,2025-07-17,Neill Dyball,Hiking Boots,53,673394,35689882,FAILED,QRIS
342,2025-04-15,Emma Parmeter,Recipe Book Stand,81,460466,37297746,SUCCESS,PAY PAL
343,2025-04-22,Carlee Troppmann,Chocolate Chip Cookie Dough,15,365233,5478495,SUCCESS,CREDIT CARD
344,2024-10-25,Dino Mirrlees,Peach Mango Smoothie,44,352217,15497548,FAILED,BANK TRANSFER
345,2025-03-30,Nicki Balch,Compact Dishwasher,49,384085,18820165,FAILED,BANK TRANSFER
346,2025-03-03,Dianne Crosfield,Vegan Cheese,22,104379,2296338,FAILED,CREDIT CARD
347,2025-04-13,Barry Maffione,Sriracha Honey Glaze,57,477265,27204105,FAILED,QRIS
348,2025-03-16,Brandais Manchester,LED Christmas Tree Lights,96,310590,29816640,FAILED,BANK TRANSFER
349,2024-10-31,Rowan Castille,Ergonomic Gaming Chair,84,435883,36614172,FAILED,BANK TRANSFER
350,2024-10-27,Gill Hazeman,Reusable Food Storage Bags,20,85587,1711740,FAILED,BANK TRANSFER
351,2025-02-17,Renate Mayo,Computer Monitor Stand,43,616360,26503480,FAILED,QRIS
352,2025-01-21,Brooke Sollett,Travel Pillow,86,605765,52095790,SUCCESS,QRIS
353,2025-02-22,Frans McIlrath,Pet Activity Tracker,56,404816,22669696,FAILED,CASH
354,2024-11-16,Honey Rushe,Chic Jumpsuit,8,407007,3256056,FAILED,CASH
355,2024-08-23,Abbey Clyant,Roasted Vegetable Medley,45,235366,10591470,SUCCESS,QRIS
356,2025-05-11,Rob Dicke,Pumpkin Spice Pancake Mix,9,907876,8170884,SUCCESS,BANK TRANSFER
357,2025-02-18,Humphrey MacCaig,Digital Drawing Tablet,66,128718,8495388,FAILED,QRIS
358,2024-07-23,Yurik Titmarsh,Weighted Jump Rope,86,422481,36333366,FAILED,PAY PAL
359,2025-03-19,Timoteo Brandham,Sports Bottle,92,793288,72982496,FAILED,CREDIT CARD
360,2025-01-01,Devin Holhouse,Wall-Mounted Spice Rack,88,6851,602888,FAILED,PAY PAL
361,2025-02-13,Consalve O'Gleasane,Grilled Veggie Burgers,75,557262,41794650,SUCCESS,PAY PAL
362,2025-01-18,Royall Stebbins,Pet Hair Vacuum Attachment,32,340954,10910528,FAILED,CREDIT CARD
363,2024-12-29,Pepito Spoor,Trendy Bomber Jacket,45,222838,10027710,SUCCESS,CREDIT CARD
364,2025-05-28,Lorrayne Lisciardelli,Pet Tracking Collar,48,466261,22380528,SUCCESS,PAY PAL
365,2025-02-14,Alan Merigot,Bike Repair Tool Kit,79,812119,64157401,FAILED,PAY PAL
366,2025-04-24,Britt Bakhrushin,Personalized Pet ID Tags,65,996619,64780235,SUCCESS,QRIS
367,2025-07-11,Virginia Foldes,Pet Travel Bowl,77,332227,25581479,SUCCESS,CASH
368,2024-11-18,Belita Van de Velde,Coconut Water,72,165095,11886840,SUCCESS,BANK TRANSFER
369,2024-08-26,Wildon Old,Low-Fat Cottage Cheese,75,155345,11650875,FAILED,CASH
370,2024-12-24,Laura Kits,Fitness Smartwatch,42,612058,25706436,SUCCESS,CASH
371,2024-09-19,Shellie Van Merwe,Granola Bars,81,790423,64024263,FAILED,CASH
372,2025-05-04,Berti Morston,Vegetarian Sausage Links,53,644616,34164648,FAILED,CREDIT CARD
373,2025-01-19,Bertie Theuss,Pet Water Fountain,88,682792,60085696,FAILED,PAY PAL
374,2024-08-17,Bianka Maberley,Vegan Protein Powder,10,21578,215780,SUCCESS,PAY PAL
375,2025-01-02,Pauly Stolte,Field Journal,44,149989,6599516,SUCCESS,CREDIT CARD
376,2025-06-25,Magdalene Broxap,Canvas Tote Bag,9,148502,1336518,FAILED,BANK TRANSFER
377,2025-06-10,Aurora Goshawk,Walnut Halves,54,638931,34502274,FAILED,BANK TRANSFER
378,2025-05-10,Monti Mapes,Gaming Headset,2,591365,1182730,SUCCESS,QRIS
379,2025-07-15,Dorothee Ebbings,Nature Explorer Lens Kit,97,338593,32843521,SUCCESS,CREDIT CARD
380,2025-02-01,Cedric Niblock,Portable Jump Starter,44,965081,42463564,SUCCESS,CASH
381,2024-10-23,Gray Cordell,LED Camping Lantern with USB Charging,55,153947,8467085,FAILED,CASH
382,2025-03-01,Jeana O'Sheils,Car Sunshade,64,392048,25091072,FAILED,BANK TRANSFER
383,2024-11-06,Shurwood Mallion,Frozen Broccoli,36,163404,5882544,FAILED,CREDIT CARD
384,2025-04-24,Elbert Tilley,Wireless Earbud Silicone Covers,48,712668,34208064,FAILED,BANK TRANSFER
385,2025-04-26,Veronike Wannell,Chocolate Syrup,7,502848,3519936,FAILED,CREDIT CARD
386,2025-07-16,Jody Englefield,Thai Peanut Dressing,8,784394,6275152,SUCCESS,BANK TRANSFER
387,2025-06-17,Basil Dufaur,Kale Chips,84,889713,74735892,FAILED,QRIS
388,2024-10-15,Gardy Claremont,Cotton Basic Tank,98,655388,64228024,FAILED,QRIS
389,2024-09-15,Shani Burney,Almond Butter Granola Bars,35,152378,5333230,FAILED,PAY PAL
390,2024-11-20,Lucio Waycot,Apricot Jam,85,165246,14045910,SUCCESS,CASH
391,2025-05-09,Hillary Hemphrey,Organic Green Tea,87,517729,45042423,SUCCESS,PAY PAL
392,2025-07-04,Rafaelita Bamforth,Jump Rope with Counter,98,902337,88429026,SUCCESS,BANK TRANSFER
393,2025-03-30,Grace Seman,Surimi Crab Sticks,25,792068,19801700,SUCCESS,QRIS
394,2025-04-19,Spenser Scanlan,Instant Read Meat Thermometer,37,861930,31891410,SUCCESS,QRIS
395,2024-09-13,Adlai Chadwell,Caramel Apple Chips,44,279416,12294304,FAILED,PAY PAL
396,2025-01-27,Tabbatha De Leek,Savory Trail Mix,78,958088,74730864,FAILED,BANK TRANSFER
397,2024-12-13,Elijah Noot,Cushion Covers,36,580229,20888244,FAILED,BANK TRANSFER
398,2025-05-20,Faythe Shouler,Pumpkin Puree,30,60185,1805550,SUCCESS,BANK TRANSFER
399,2024-08-14,Sophi Saylor,Vegetable Korma,4,187145,748580,SUCCESS,CREDIT CARD
400,2024-08-16,Ellene FitzGibbon,Bluetooth Headphones,55,610512,33578160,SUCCESS,BANK TRANSFER
401,2025-03-26,Stephani Jenman,Lentil Vegetable Curry,95,718537,68261015,FAILED,PAY PAL
402,2024-12-24,Kariotta Farrey,Spicy Kimchi,80,945062,75604960,FAILED,QRIS
403,2024-09-07,Borden Condell,Honey Wheat Pretzels,40,515044,20601760,SUCCESS,CREDIT CARD
404,2024-12-03,Lani Adamovicz,Deep Tissue Massage Gun,43,41210,1772030,SUCCESS,CREDIT CARD
405,2024-08-22,Heriberto Troake,Garden Vegetable Soup,67,286663,19206421,FAILED,QRIS
406,2024-09-23,Erskine Severy,Gluten-Free Brownies,69,941278,64948182,FAILED,CASH
407,2024-09-21,Debor Stump,Digital Wireless Meat Thermometer,39,929445,36248355,SUCCESS,CASH
408,2024-12-25,Lyn Caldroni,Spicy Vegetable Sushi Rolls,41,258767,10609447,FAILED,CREDIT CARD
409,2025-06-01,Mile Threadkell,Honey Sesame Chicken,60,488696,29321760,SUCCESS,PAY PAL
410,2024-08-20,Boyd Wakeham,Oats,68,996614,67769752,SUCCESS,BANK TRANSFER
411,2025-01-15,Lauralee Feehery,Traditional Hummus,14,263298,3686172,SUCCESS,BANK TRANSFER
412,2024-08-23,Raddie Hansell,Organic Apples,79,490375,38739625,FAILED,CASH
413,2025-04-04,Linnet Jahncke,Salsa,13,872724,11345412,FAILED,CREDIT CARD
414,2025-06-11,Evanne Dyzart,Deluxe First Aid Kit,65,353313,22965345,FAILED,CREDIT CARD
415,2024-12-23,Cesare Dahill,Tailored Blazer,58,285170,16539860,FAILED,CREDIT CARD
416,2025-06-14,Jens Pollie,Adjustable Stand for Tablets and Smartphones,44,726456,31964064,FAILED,BANK TRANSFER
417,2025-06-23,Xena Saberton,Wrist Support Brace,44,760487,33461428,FAILED,CASH
418,2025-03-31,Casey Goose,Chickpea Pancakes,76,110608,8406208,SUCCESS,QRIS
419,2024-12-20,Gerek Armstrong,Pineapple Coconut Bars,80,8663,693040,FAILED,QRIS
420,2024-10-25,Millard Bidgood,Frozen Berry Medley,82,456784,37456288,SUCCESS,BANK TRANSFER
421,2024-12-26,Ceciley Barhims,Hibiscus Tea Bags,80,691770,55341600,SUCCESS,CASH
422,2025-04-07,Tannie Spores,Graphic Print Leggings,15,667832,10017480,FAILED,CREDIT CARD
423,2025-01-19,Natty Teresse,Pet Bed,58,401630,23294540,SUCCESS,CASH
424,2024-09-15,Giulia Turnbull,Chocolate Coconut Protein Balls,38,562180,21362840,FAILED,QRIS
425,2025-01-16,Linnea Fyndon,Mediterranean Flatbread,46,62762,2887052,SUCCESS,BANK TRANSFER
426,2024-09-23,Wadsworth Storie,Chocolate Protein Powder,68,107750,7327000,FAILED,QRIS
427,2024-10-27,Ardelia Fairley,Herbed Couscous,40,689123,27564920,SUCCESS,CREDIT CARD
428,2024-10-15,Adella Loadman,Insulated Cooler,34,585628,19911352,FAILED,QRIS
429,2024-11-23,Bobby Pouton,Tomato Basil Soup,62,888754,55102748,FAILED,BANK TRANSFER
430,2024-07-21,Tricia Labrenz,Electric Air Pump,95,411364,39079580,FAILED,BANK TRANSFER
431,2024-11-19,Jackquelin Overbury,Pesto Pasta Salad,86,940665,80897190,SUCCESS,CREDIT CARD
432,2024-10-23,Sutton Pawelek,Portable Pet Pooper Scooper,16,34017,544272,FAILED,CREDIT CARD
433,2024-08-14,Jemie Le Strange,Electric Nail File Kit,93,151791,14116563,FAILED,CASH
434,2025-01-14,Alric Wybrew,Pet Hair Vacuum Attachment,25,886981,22174525,SUCCESS,QRIS
435,2025-05-22,Merv Hynam,Cinnamon Spiced Almonds,57,468038,26678166,FAILED,CASH
436,2025-03-08,Stephan Fisbey,Bamboo Utensil Holder,91,720035,65523185,FAILED,BANK TRANSFER
437,2024-10-15,Elicia Maddigan,Honey BBQ Riblets,12,102977,1235724,FAILED,QRIS
438,2024-08-12,Dede Kaiser,Organic Brown Rice Cakes,91,357720,32552520,FAILED,QRIS
439,2025-01-24,Allard Bogey,Flavored Rice Cakes,31,445437,13808547,FAILED,BANK TRANSFER
440,2024-08-14,Grantley Dowbekin,Garden Vegetable Chips,61,634812,38723532,SUCCESS,QRIS
441,2024-08-17,Urbano Lutzmann,Frozen Cauliflower Rice,30,615904,18477120,FAILED,BANK TRANSFER
442,2024-10-20,Marice Southwick,Spicy Avocado Salsa,64,418271,26769344,FAILED,BANK TRANSFER
443,2025-02-28,Atlante Lambol,Sliced Cucumbers,75,556489,41736675,FAILED,BANK TRANSFER
444,2025-04-14,Rozina Turnbull,Electric Fondue Pot,93,801132,74505276,SUCCESS,CREDIT CARD
445,2024-08-31,Buddie Hurtic,Instant Pot,23,896584,20621432,FAILED,BANK TRANSFER
446,2025-01-23,Clarinda Sterland,Almond Joy Snack Bars,70,51412,3598840,SUCCESS,BANK TRANSFER
447,2025-04-01,Miltie Renault,Wild Rice & Quinoa Mix,47,794917,37361099,SUCCESS,CASH
448,2024-12-26,Baron Meechan,Honeycrisp Apples,9,46822,421398,SUCCESS,BANK TRANSFER
449,2025-04-30,Zenia Tiffney,Roasted Garlic Mashed Potatoes,91,737524,67114684,SUCCESS,BANK TRANSFER
450,2024-11-13,Orin Grigolli,Vegan Cheese,34,605888,20600192,FAILED,PAY PAL
451,2024-10-29,Blakelee Cracker,Homestyle Chicken Noodle Soup,97,608107,58986379,SUCCESS,QRIS
452,2024-08-15,Idaline Menear,Electric Heat Pad,86,8570,737020,FAILED,PAY PAL
453,2025-01-31,Happy Cantle,Pet Grooming Glove,1,783740,783740,FAILED,QRIS
454,2024-11-04,Jeff Witton,Cheddar Cheese Crackers,89,121505,10813945,FAILED,BANK TRANSFER
455,2024-10-05,Tommi Mosley,Chicken Fajita Kit,60,787213,47232780,SUCCESS,QRIS
456,2024-12-15,Gui Springford,Spinach and Cheese Stuffed Shells,34,115676,3932984,SUCCESS,CASH
457,2024-08-01,Buddy Marin,Dark Chocolate Covered Raisins,86,407814,35072004,SUCCESS,BANK TRANSFER
458,2024-08-18,Urbanus Hewson,Tuscan Bean Soup,70,987625,69133750,SUCCESS,QRIS
459,2024-11-12,Eada De Bischof,Mechanical Keyboard,75,42155,3161625,SUCCESS,QRIS
460,2025-02-25,Scott Weinmann,Creamy Ranch Dressing,74,788854,58375196,SUCCESS,CREDIT CARD
461,2024-07-19,Raeann Foresight,Vegetarian Sausage Links,27,488452,13188204,SUCCESS,BANK TRANSFER
462,2024-08-17,Esther Capon,Steak Seasoning Rub,96,414503,39792288,SUCCESS,PAY PAL
463,2024-11-24,Rhodie Brotherick,Maple Pecan Oatmeal Cookies,78,955589,74535942,FAILED,BANK TRANSFER
464,2025-01-31,Carri Dewing,Classic Vanilla Fudge,74,222389,16456786,FAILED,CREDIT CARD
465,2025-06-12,Terri Yakebovich,Fruit Infuser Water Bottle,43,419671,18045853,SUCCESS,CASH
466,2024-10-02,Carolynn Cleyne,Safety First Aid Kit,76,69487,5281012,FAILED,QRIS
467,2024-07-25,Corbet Jurasek,Reversible Swimming Pool Lounger,37,159252,5892324,FAILED,CASH
468,2024-07-29,Oralie Warrack,Digital Food Scale,6,958476,5750856,SUCCESS,QRIS
469,2024-11-02,Jourdan Sackler,Green Smoothie Mix,17,760021,12920357,SUCCESS,CREDIT CARD
470,2025-01-08,Lew Arro,Graphic Tee,41,181230,7430430,SUCCESS,CASH
471,2024-09-18,Ainslie Divill,Car Escape Tool,74,759585,56209290,FAILED,BANK TRANSFER
472,2024-08-31,Vivyanne Jelliman,LED Flashing Pet Collar,40,697667,27906680,FAILED,CASH
473,2025-05-16,Vern Tiley,Blueberry Muffin Mix,49,649157,31808693,FAILED,BANK TRANSFER
474,2025-04-04,Trula Terram,Digital Meat Thermometer,66,113197,7471002,FAILED,CREDIT CARD
475,2025-05-22,Keen Russo,Hair Dryer,85,93051,7909335,SUCCESS,QRIS
476,2024-11-25,Juliana Yannikov,Coffee Grinder,55,207365,11405075,FAILED,CASH
477,2025-06-12,Suzann Piesold,Gluten-Free Pancake Mix,47,118372,5563484,SUCCESS,QRIS
478,2025-03-05,Bronny Mears,Sun-Dried Tomato Pesto,92,199435,18348020,FAILED,CASH
479,2025-02-01,Brigida Emmer,Hot Dog Buns,4,133927,535708,FAILED,CREDIT CARD
480,2025-05-03,Clemmy MacGovern,LED Desk Lamp,48,980969,47086512,SUCCESS,CREDIT CARD
481,2024-11-15,Cristobal Stranks,Beef Stroganoff Meal Kit,44,501127,22049588,FAILED,BANK TRANSFER
482,2025-06-21,Wildon Leavey,Ginger Turmeric Latte Mix,9,941998,8477982,FAILED,CREDIT CARD
483,2025-03-01,Florette Fredi,Terry Cloth Robe,27,595851,16087977,SUCCESS,QRIS
484,2024-12-06,Ciro Mateos,Wildflower Honey,59,656136,38712024,SUCCESS,PAY PAL
485,2024-12-15,Aldridge Brame,Organic Cucumber,95,717614,68173330,FAILED,CREDIT CARD
486,2025-06-30,Webb Lefley,Pet Training Clicker,49,523403,25646747,FAILED,BANK TRANSFER
487,2024-11-06,Ezri Froom,Garlic Herb Cream Cheese,91,653790,59494890,FAILED,PAY PAL
488,2024-12-19,Briano Tuckwood,Almond Flour Pancake Mix,47,21188,995836,SUCCESS,CASH
489,2025-02-27,Tiffani Boult,Home Cleaning Robot,50,54131,2706550,FAILED,CREDIT CARD
490,2024-08-25,Wakefield Collington,Vegetarian Pizza,8,387372,3098976,FAILED,QRIS
491,2025-06-03,Ruprecht Ferreri,LED Camping Lantern with USB Charging,31,544243,16871533,FAILED,CREDIT CARD
492,2024-12-25,Lockwood Ashall,Self-Watering Planter,21,132982,2792622,FAILED,PAY PAL
493,2025-05-15,Idalia Elleray,Pomegranate Juice,58,715213,41482354,SUCCESS,QRIS
494,2025-04-06,Royall Dwire,Terry Cloth Robe,83,90846,7540218,FAILED,BANK TRANSFER
495,2025-03-03,Hildegaard Aleksankov,Nut Mix,73,717711,52392903,FAILED,QRIS
496,2025-06-15,Biron Faill,Puff Pastry,96,465679,44705184,FAILED,BANK TRANSFER
497,2024-09-02,Merola Bullingham,Laundry Detergent,86,519305,44660230,FAILED,CASH
498,2024-09-02,Base Northcliffe,Smoked Paprika,66,15984,1054944,SUCCESS,PAY PAL
499,2025-04-15,Kerstin Dedmam,Acoustic Guitar,11,758678,8345458,SUCCESS,PAY PAL
500,2024-08-22,Aleece O'Connel,Adjustable Resistance Bands,68,288425,19612900,FAILED,PAY PAL
501,2024-08-26,Barri Corrett,Children's Musical Instrument Set,17,427094,7260598,SUCCESS,CREDIT CARD
502,2024-09-21,Dwain Scothorn,Vanilla Pudding Mix,87,877864,76374168,SUCCESS,CREDIT CARD
503,2025-06-30,Timmy Sewell,Balsamic Salad Dressing,98,641376,62854848,SUCCESS,PAY PAL
504,2025-06-17,Athene Charge,Dill Pickle Chips,77,624782,48108214,FAILED,CASH
505,2024-11-21,Cleveland Rabidge,Ice Pack,64,421537,26978368,FAILED,PAY PAL
506,2025-01-26,Emili Dimitriou,Luxury Bath Robe,2,930061,1860122,FAILED,PAY PAL
507,2025-03-26,Lynett Thackston,Hand Crank Blender,36,63825,2297700,FAILED,PAY PAL
508,2025-05-28,Natalee Masseo,Habanero Hot Sauce,74,555980,41142520,FAILED,PAY PAL
509,2025-05-01,Ellynn Jerzycowski,Peach Slices in Syrup,26,842341,21900866,SUCCESS,QRIS
510,2025-04-17,Isac Formigli,Chia Seed Pudding,21,993819,20870199,FAILED,CASH
511,2024-09-24,Fanni Rudeforth,Butternut Squash Ravioli,74,6043,447182,SUCCESS,CASH
512,2024-10-21,Nat Thiem,Maple Chipotle Glaze,65,473632,30786080,SUCCESS,CASH
513,2024-07-22,Erasmus Nani,Miso Dressing,13,202949,2638337,SUCCESS,PAY PAL
514,2024-12-08,Ferdinand Delaprelle,Silicone Baking Molds,12,869031,10428372,SUCCESS,CREDIT CARD
515,2025-03-04,Elfrieda Mayhead,Chic Ankle Strap Heels,55,701585,38587175,SUCCESS,CREDIT CARD
516,2025-04-29,Charyl Gravestone,Leather Biker Jacket,55,460891,25349005,SUCCESS,CASH
517,2024-10-15,Drusy Craythorn,Baking Soda,16,812364,12997824,FAILED,PAY PAL
518,2024-08-28,Guillaume Snodden,Thai Green Curry Paste,7,843814,5906698,FAILED,CASH
519,2024-08-12,Melisande Grishelyov,Mint Chocolate Chip Ice Cream,22,386155,8495410,SUCCESS,CASH
520,2025-07-02,Alfred Worsley,Organic Quinoa,72,461772,33247584,SUCCESS,QRIS
521,2025-01-13,Nerta Skocroft,Fashionable Fanny Pack,18,572326,10301868,FAILED,CASH
522,2025-05-18,Jamie O'Henehan,Pocket Blanket,29,427947,12410463,SUCCESS,PAY PAL
523,2025-01-31,Kelsey Marklund,Sketchbook,4,739716,2958864,SUCCESS,BANK TRANSFER
524,2024-08-02,Otho Otto,Organic Coconut Flour,59,958054,56525186,FAILED,CREDIT CARD
525,2025-02-07,Gigi Faulkes,Reusable Coffee Filter,2,512302,1024604,FAILED,PAY PAL
526,2024-08-08,Lyman Spier,Collapsible Pet Dog Bowl,34,173066,5884244,FAILED,BANK TRANSFER
527,2025-01-31,Herrick Ell,Faux Leather Leggings,44,864459,38036196,SUCCESS,CASH
528,2024-10-09,Caz Sanney,Pet Water Fountain,74,92777,6865498,SUCCESS,CREDIT CARD
529,2025-06-30,Blisse Caslake,Vegetable Stir-Fry Sauce,86,321662,27662932,SUCCESS,BANK TRANSFER
530,2024-08-09,Pippa Petkovic,Travel Pillow,36,673872,24259392,FAILED,CREDIT CARD
531,2025-06-07,David Beneyto,Caramel Apple Taffy,70,608383,42586810,SUCCESS,CREDIT CARD
532,2025-06-30,Zaria Lokier,Sparkling Blood Orange Soda,84,287960,24188640,FAILED,QRIS
533,2024-09-13,Finn Boldra,Portable Speakers,38,176064,6690432,SUCCESS,PAY PAL
534,2024-08-14,Ronna Selvester,Fitness Tracker,60,562588,33755280,FAILED,CREDIT CARD
535,2025-05-23,Anne-marie Gaymar,Red Lentils,77,480877,37027529,SUCCESS,PAY PAL
536,2025-05-20,Paige Kellington,Flavored Popcorn Mix,26,263018,6838468,FAILED,CASH
537,2024-10-03,Darrin Mixworthy,Smoked Paprika,60,935780,56146800,SUCCESS,CREDIT CARD
538,2025-01-26,Rafael Fury,Ceramic Planter Set,30,686178,20585340,SUCCESS,BANK TRANSFER
539,2024-12-30,Celene Laverenz,Cranberry Juice,35,938943,32863005,FAILED,CASH
540,2025-03-21,Yolande Vallis,Herbed Couscous,88,103640,9120320,SUCCESS,BANK TRANSFER
541,2025-01-16,Jessi Boffin,Granola,45,703330,31649850,SUCCESS,CASH
542,2025-06-29,Hyacinthie Tolomelli,Self-Inflating Camping Mattress,77,415167,31967859,SUCCESS,QRIS
543,2025-06-02,Kirk Sparrowhawk,Vacuum Sealer Machine,13,56976,740688,SUCCESS,CASH
544,2025-02-02,Bessie O'Doghesty,Mango Chunks,77,494614,38085278,SUCCESS,CASH
545,2025-06-28,Annabell Beeston,Beef Jerky,77,612926,47195302,FAILED,BANK TRANSFER
546,2025-04-11,Margret Stebbing,Cucumber,16,247939,3967024,SUCCESS,CASH
547,2024-11-25,Dee dee Pargent,Chickpea Snack Mix,79,765481,60472999,FAILED,CASH
548,2024-09-05,Woodie Abbott,Pineapple Teriyaki Chicken Mix,28,689995,19319860,FAILED,BANK TRANSFER
549,2024-11-04,Basile Greser,Vegan Chocolate Cake Mix,77,601296,46299792,SUCCESS,CASH
550,2025-01-21,Wandis Turban,Honey-Balsamic Vinaigrette,58,48985,2841130,SUCCESS,CASH
551,2025-02-02,Robena Skellon,Himalayan Salt Grinder,35,844731,29565585,SUCCESS,PAY PAL
552,2025-03-07,Lauritz Seabrook,Pizza Stone,88,686371,60400648,SUCCESS,QRIS
553,2025-04-10,Rowan Pibsworth,Chickpea Snack Mix,74,23720,1755280,SUCCESS,PAY PAL
554,2025-02-18,Bili Jeandin,Pasta Primavera Kit,74,970272,71800128,FAILED,PAY PAL
555,2024-11-21,Jeddy Ennor,Spicy Garlic Edamame,75,666222,49966650,FAILED,CASH
556,2024-12-16,Roderigo Rutherforth,Sculpting Kit,76,179977,13678252,SUCCESS,PAY PAL
557,2024-08-22,Olenka Ferretti,Lemon Pepper Seasoning,44,387706,17059064,SUCCESS,CASH
558,2025-02-02,Farrand Silman,Tuscan Bean Soup,87,198080,17232960,SUCCESS,PAY PAL
559,2024-10-14,Berkly Monson,Low-Fat Cottage Cheese,10,15701,157010,SUCCESS,CASH
560,2025-04-05,Kaye Danilevich,Wireless Keyboard and Mouse Combo,80,328876,26310080,FAILED,QRIS
561,2024-08-11,Danit Grishenkov,Margherita Pizza,100,486719,48671900,SUCCESS,CASH
562,2025-03-25,Derry Potteridge,Organic Green Lentils,90,453012,40771080,SUCCESS,PAY PAL
563,2025-04-04,Gail Cutten,Portable Laptop Table,12,814291,9771492,FAILED,PAY PAL
564,2025-01-01,Courtney Hutley,Ginger Snaps,14,959414,13431796,SUCCESS,CASH
565,2024-08-16,Melosa Presnail,Dark Chocolate Tart,3,50329,150987,SUCCESS,CREDIT CARD
566,2025-03-04,Clementia Hurlston,Multi-Layer Food Steamer,71,540507,38375997,FAILED,QRIS
567,2025-07-06,Alex Churchlow,Tennis Racket,38,800195,30407410,SUCCESS,QRIS
568,2025-03-23,Darren Jean,Bluetooth Car Adapter,33,428982,14156406,SUCCESS,QRIS
569,2025-05-06,Caroljean Lionel,High-Low Hem Tee,73,466309,34040557,FAILED,CREDIT CARD
570,2024-12-25,Amerigo Lambregts,Chili Beans in Sauce,99,18864,1867536,FAILED,QRIS
571,2024-08-14,Brandais Trownson,Customizable Photo Calendar,1,90102,90102,FAILED,BANK TRANSFER
572,2024-09-02,Tessy Mellenby,Children's Educational Puzzle,21,627631,13180251,FAILED,PAY PAL
573,2024-07-30,Jori Rosoni,Silicone Baking Cups,49,78808,3861592,SUCCESS,CREDIT CARD
574,2024-12-03,Adams Boulter,Outdoor Camping Hammock,78,198755,15502890,FAILED,PAY PAL
575,2025-04-02,Richart Wooderson,Protein Pancake Mix,50,570726,28536300,SUCCESS,CASH
576,2024-12-10,Michaelina Knight,Pet Hair Removal Roller,64,75888,4856832,FAILED,CREDIT CARD
577,2025-04-11,Iosep Pawels,Compressed Towel Tablets,23,509573,11720179,SUCCESS,BANK TRANSFER
578,2024-12-12,Estelle Diloway,Electronic Drum Kit,6,633203,3799218,FAILED,BANK TRANSFER
579,2025-05-09,Hi Mennell,Outdoor String Lights,23,467506,10752638,SUCCESS,PAY PAL
580,2024-11-19,Jefferey Delacour,Leather Crossbody Bag,54,157477,8503758,FAILED,CREDIT CARD
581,2024-08-28,Rena Courteney,Protein Pancake Mix,67,703552,47137984,FAILED,PAY PAL
582,2025-05-16,Percival Colnett,Chickpea Salad,15,625900,9388500,FAILED,CASH
583,2024-11-24,Bancroft Aveson,Honeycrisp Apple Chips,10,623098,6230980,FAILED,CREDIT CARD
584,2025-02-04,Leoine Shayler,Pumpkin Waffles,97,726837,70503189,FAILED,QRIS
585,2024-09-14,Joshua Tame,Rice Pilaf Mix,78,191425,14931150,SUCCESS,QRIS
586,2024-09-30,Gwenny Hulk,Sesame Oil,34,656419,22318246,FAILED,PAY PAL
587,2025-04-23,Igor Turley,Classic Vanilla Fudge,2,772698,1545396,FAILED,BANK TRANSFER
588,2025-05-09,Bink Demke,Sliced Cheese,28,3025,84700,SUCCESS,BANK TRANSFER
589,2025-03-28,Yardley Norkutt,Pet Hair Removal Brush,68,539831,36708508,SUCCESS,PAY PAL
590,2024-12-25,Roselle Lamberton,Reusable Produce Bags Set,47,56920,2675240,FAILED,PAY PAL
591,2024-12-27,Shellie Kilfether,Oatmeal Raisin Cookies,59,873108,51513372,SUCCESS,BANK TRANSFER
592,2025-02-03,Fransisco Fosberry,Weighted Blanket,81,848966,68766246,SUCCESS,CREDIT CARD
593,2025-04-24,Edmund Abdon,Cork Yoga Mat,34,58719,1996446,SUCCESS,CREDIT CARD
594,2025-06-14,Alfonso Wark,Apple Juice,53,571343,30281179,FAILED,CASH
595,2025-06-24,Rosanna Jurczik,Pineapple Chunks (canned),52,470747,24478844,FAILED,CASH
596,2025-03-16,Bidget Ferens,Hot Salsa,22,998983,21977626,FAILED,CASH
597,2024-09-23,Myrtle Folley,LED Canopy Lights,53,522203,27676759,SUCCESS,CREDIT CARD
598,2024-07-26,Barris Attwoul,Quinoa and Kale Salad Kit,92,882192,81161664,SUCCESS,QRIS
599,2025-02-02,Umeko Sellors,Strawberry Fruit Spread,64,850087,54405568,SUCCESS,BANK TRANSFER
600,2025-05-08,Octavius Keenan,Silicone Wine Glasses,61,951839,58062179,SUCCESS,CASH
601,2025-02-02,Margarita Lathleiff,Infrared Thermometer Gun,59,458076,27026484,SUCCESS,PAY PAL
602,2025-01-16,Gallard Frude,Outdoor Portable Fire Pit,63,982006,61866378,FAILED,QRIS
603,2025-03-25,Savina Jaquiss,Slim Fit Chinos,57,416436,23736852,SUCCESS,QRIS
604,2025-02-18,Beniamino Rammell,Wall-Mounted Spice Rack,37,877972,32484964,SUCCESS,CASH
605,2025-01-25,Erena Grishanov,Pineapple Teriyaki Chicken Mix,5,949780,4748900,SUCCESS,PAY PAL
606,2024-08-17,Margeaux Oxbie,Biodegradable Dog Waste Bags,67,105467,7066289,SUCCESS,PAY PAL
607,2024-08-14,Aubine Leckie,Coconut Bowls Set,5,93297,466485,FAILED,BANK TRANSFER
608,2025-04-09,Natalie Dullingham,Whole Wheat Bread,59,63377,3739243,FAILED,CASH
609,2024-09-01,Ogden Ishchenko,Miso Soup Starter,36,375610,13521960,SUCCESS,BANK TRANSFER
610,2024-10-27,Virginia Stebles,Graphic Print Leggings,3,693440,2080320,FAILED,BANK TRANSFER
611,2024-09-27,Garrott Bisiker,Caribbean Jerk Marinade,78,950179,74113962,FAILED,CASH
612,2025-07-05,Claudio Stapley,Smartphone Tripod with Bluetooth Remote,25,392577,9814425,SUCCESS,CASH
613,2025-01-17,Linnie Jobke,Backpacking Tent,48,658429,31604592,FAILED,CASH
614,2024-11-28,Magdalen Scrafton,Vegetarian Stuffed Peppers,5,716638,3583190,SUCCESS,CASH
615,2024-12-27,Kendricks Cawthorne,Banana Nut Muffins,9,738003,6642027,FAILED,PAY PAL
616,2025-04-24,Jamill Echalier,Herb Drying Rack,66,750387,49525542,FAILED,PAY PAL
617,2024-08-26,Ashby O'Nions,LED Canopy Lights,88,295620,26014560,FAILED,BANK TRANSFER
618,2025-06-28,Catherine Duchesne,Kids' STEM Robotics Kit,10,820386,8203860,FAILED,CREDIT CARD
619,2025-06-10,Lion Lammerts,DIY Candle Making Kit,51,559582,28538682,SUCCESS,QRIS
620,2024-12-04,Marissa Quarterman,Wireless Car Charger,9,99138,892242,SUCCESS,CASH
621,2024-08-01,Stanleigh Limer,Organic Apples,90,973620,87625800,FAILED,CASH
622,2024-09-30,Allsun Sehorsch,Oven-Baked Sweet Potato Fries,14,46006,644084,FAILED,PAY PAL
623,2024-12-03,Wilow Harfleet,Mediterranean Olives,20,218264,4365280,FAILED,QRIS
624,2024-12-18,Frannie Sheekey,Baking Soda,37,880254,32569398,SUCCESS,BANK TRANSFER
625,2025-05-12,Lisa Champniss,Baked Mac and Cheese,20,922101,18442020,FAILED,CASH
626,2024-08-17,Nancie Blagbrough,Flavored Rice Cakes,78,956012,74568936,SUCCESS,CASH
627,2025-06-23,Eran Fearn,Dog Frisbee Toy,83,765467,63533761,SUCCESS,CASH
628,2025-02-15,Con Binge,Gardening Tool Belt,67,503375,33726125,FAILED,BANK TRANSFER
629,2025-06-03,Linda Guidetti,Travel Jewelry Case,55,552848,30406640,FAILED,PAY PAL
630,2024-10-08,Maximilian Muslim,Herbal Tea Variety Pack,61,269388,16432668,SUCCESS,CASH
631,2024-08-01,Teddie MacKaig,Plant Watering Spikes,61,770936,47027096,FAILED,BANK TRANSFER
632,2025-02-04,Vevay Roose,Pepper Jack Cheese Slices,71,775811,55082581,SUCCESS,CASH
633,2025-02-13,Leila Pitrasso,Organic Italian Seasoning,60,350617,21037020,SUCCESS,BANK TRANSFER
634,2025-07-14,Colene Byrne,Portable Hammock Swing,64,480495,30751680,SUCCESS,CASH
635,2025-07-15,Hermina Uvedale,Oven Mitts,51,372777,19011627,SUCCESS,PAY PAL
636,2024-11-18,Mickie Caren,Hummus Variety Pack,50,950692,47534600,FAILED,BANK TRANSFER
637,2025-06-03,Murry Eyre,Spicy Avocado Salsa,24,939834,22556016,SUCCESS,PAY PAL
638,2025-04-20,Arvie Ciccoloi,Sliced Strawberries,62,527353,32695886,FAILED,CASH
639,2024-10-26,Emanuele Cabbell,Pet Bed with Removable Cover,81,159263,12900303,SUCCESS,CREDIT CARD
640,2024-12-15,Tracy MacNucator,Wrist Support Brace,21,26754,561834,FAILED,QRIS
641,2025-07-06,Christoph Puckrin,Chocolate Fudge Ice Cream,43,833556,35842908,SUCCESS,PAY PAL
642,2025-06-08,Silvain Coogan,Greek Yogurt,21,222744,4677624,SUCCESS,CREDIT CARD
643,2025-07-18,Meredeth Vlasenkov,Wild Rice Pilaf,100,192071,19207100,SUCCESS,CREDIT CARD
644,2025-04-26,Bibbie Fincher,Trail Mix (Deluxe),14,680784,9530976,FAILED,QRIS
645,2025-05-05,Shepherd Grieve,Bird Feeder,53,768981,40755993,FAILED,QRIS
646,2025-01-19,Garth Harron,Pineapple Coconut Yogurt,14,981473,13740622,FAILED,PAY PAL
647,2024-10-19,Gilberta Budding,Organic Coconut Flour,59,104601,6171459,SUCCESS,CREDIT CARD
648,2025-05-15,Eleanore Davidove,Red Lentils,20,10697,213940,FAILED,BANK TRANSFER
649,2025-04-12,Winna Malcher,Honey Roasted Peanuts,83,671137,55704371,SUCCESS,QRIS
650,2024-12-08,Rabi Dresser,Foam Building Blocks for Kids,19,895010,17005190,SUCCESS,QRIS
651,2025-01-29,Lou Geffinger,Luxury Yoga Mat,99,408018,40393782,SUCCESS,BANK TRANSFER
652,2025-02-02,Emalee Urlich,Handcrafted Wooden Coasters,59,767611,45289049,FAILED,PAY PAL
653,2024-10-07,Jorge Stritton,Vegetable Potstickers,79,618233,48840407,FAILED,CASH
654,2025-04-28,Minerva Halson,Eco-Friendly Yoga Blocks,9,288168,2593512,FAILED,CREDIT CARD
655,2024-12-03,Dorothea O'Carney,DIY Candle Making Kit,25,637930,15948250,FAILED,CREDIT CARD
656,2025-02-18,Celisse Ewell,Bluetooth Tracker,96,528735,50758560,FAILED,CREDIT CARD
657,2025-05-26,Phineas Reddecliffe,Electric Skillet,59,162359,9579181,FAILED,BANK TRANSFER
658,2025-05-12,Lucas Hodgins,Artisan Cornbread Mix,26,886682,23053732,FAILED,CREDIT CARD
659,2025-03-05,Zia Copeland,Coconut Lime Rice,48,273866,13145568,SUCCESS,QRIS
660,2024-08-23,Elysee Heinl,Plant Watering Spikes,2,839648,1679296,FAILED,BANK TRANSFER
661,2024-11-15,Burke Hadeke,Ice Cube Tray with Lid,31,843397,26145307,FAILED,CASH
662,2024-11-02,Kin Booley,Pepper Jack Cheese Slices,37,410409,15185133,FAILED,BANK TRANSFER
663,2025-05-22,Trefor Dudek,Raspberry Limeade,41,408639,16754199,SUCCESS,QRIS
664,2025-06-25,Madalyn Berends,Noise Reduction Headphones,95,825500,78422500,SUCCESS,CASH
665,2025-06-22,Douglas MacInherney,Organic Green Lentils,68,845544,57496992,SUCCESS,BANK TRANSFER
666,2025-01-21,Miguel Ziemen,Silicone Baking Mat,60,291316,17478960,FAILED,CASH
667,2024-12-29,Katherina Doey,Portable Bluetooth Keyboard,21,905295,19011195,SUCCESS,BANK TRANSFER
668,2024-08-11,Nadine Vanyard,Crispy Chickpeas,10,414575,4145750,SUCCESS,PAY PAL
669,2025-06-03,Kaitlynn Litzmann,Peach Slices (canned),56,694274,38879344,SUCCESS,PAY PAL
670,2024-10-15,Ole Arnett,Cinnamon Rolls,26,581275,15113150,SUCCESS,BANK TRANSFER
671,2025-01-05,Nicky Whorf,Fitness Tracker,87,795877,69241299,FAILED,CREDIT CARD
672,2024-12-30,Emalia McMurdo,Hibiscus Herbal Tea,72,107629,7749288,SUCCESS,QRIS
673,2025-06-30,Hilarius Mabb,Classic Minestrone Soup,16,11647,186352,SUCCESS,PAY PAL
674,2024-09-18,Cletus Lenchenko,Cordless Electric Screwdriver,47,796807,37449929,SUCCESS,BANK TRANSFER
675,2024-10-11,Natalie Conibeer,Cinnamon Sugar Tortilla Chips,86,90330,7768380,FAILED,CREDIT CARD
676,2024-09-22,Jolie Linnock,Active Racerback Tank,82,261115,21411430,SUCCESS,CREDIT CARD
677,2025-07-12,Kimberlee Blasius,Pet Hair Removal Brush,86,681142,58578212,SUCCESS,CREDIT CARD
678,2024-08-05,Geoff Mc Queen,Dog Training Collar,84,818774,68777016,FAILED,BANK TRANSFER
679,2025-02-06,Rubin Shalloo,Sliced Cheese,26,767442,19953492,FAILED,CREDIT CARD
680,2024-12-04,Ruthe Galgey,Vegan Caesar Dressing,60,505121,30307260,SUCCESS,PAY PAL
681,2025-05-27,Brynna Bartlomieczak,Garlic & Herb Goat Cheese,93,376446,35009478,SUCCESS,QRIS
682,2025-06-08,Ilaire Hlavac,Whole Grain Hamburger Buns,68,351920,23930560,SUCCESS,CREDIT CARD
683,2025-02-03,Derwin Alliberton,Feta Cheese,35,434442,15205470,FAILED,BANK TRANSFER
684,2024-07-28,Ursala Carnell,Children's Gardening Set,86,279442,24032012,FAILED,PAY PAL
685,2025-05-12,Carin Reuss,Caramel Sauce,78,65640,5119920,FAILED,QRIS
686,2024-10-10,Lizbeth Beddoe,Collapsible Folding Chair,41,641935,26319335,SUCCESS,PAY PAL
687,2024-08-16,Keane Innes,Smart WiFi Plug,51,342146,17449446,FAILED,BANK TRANSFER
688,2024-08-14,Izaak Evemy,Coconut Rice,83,547434,45437022,FAILED,CREDIT CARD
689,2025-01-31,Monica Fipp,Leather Biker Jacket,97,543869,52755293,FAILED,PAY PAL
690,2024-09-09,Zorah Fielder,Coconut Chia Pudding,46,32042,1473932,FAILED,PAY PAL
691,2025-01-10,Brigg Foddy,Pocket Blanket,81,655774,53117694,FAILED,CASH
692,2024-09-06,Karly Bohike,Honeycrisp Apples,59,749823,44239557,FAILED,PAY PAL
693,2024-09-06,Natty Dryden,Organic Coconut Oil,26,450629,11716354,SUCCESS,QRIS
694,2025-04-08,Jim Frandsen,Outdoor Mosquito Repellent Lantern,76,720922,54790072,SUCCESS,QRIS
695,2024-12-26,Nissa Rearie,Wireless Charger,91,794873,72333443,SUCCESS,CREDIT CARD
696,2024-10-08,Dal Cumbers,Dried Apricots,80,99810,7984800,FAILED,QRIS
697,2024-12-11,Devonna Vinton,Sesame Garlic Stir-Fry Sauce,30,932808,27984240,FAILED,BANK TRANSFER
698,2025-06-22,Doro Ionesco,Animal Paw Print Soap Dispenser,68,84813,5767284,SUCCESS,BANK TRANSFER
699,2024-09-01,Ammamaria Livesley,Set of Decorative Storage Bins,38,820279,31170602,SUCCESS,CASH
700,2024-12-23,Georgie Fieldgate,Honey Almond Granola Bars,78,386221,30125238,SUCCESS,CREDIT CARD
701,2025-06-26,Amandie Bettley,Adjustable Standing Desk,96,270235,25942560,FAILED,CREDIT CARD
702,2025-02-16,Shirl De Gogay,Electric Razor,13,983299,12782887,FAILED,CREDIT CARD
703,2024-08-29,Barry Fifoot,Plant-Based Meal Prep Containers,84,517664,43483776,SUCCESS,PAY PAL
704,2024-10-20,Talbot Busson,Athletic Jogging Jacket,60,599033,35941980,FAILED,CASH
705,2025-04-25,Kevyn Wathey,Pet Grooming Scissors,45,769701,34636545,SUCCESS,QRIS
706,2025-02-02,Barbabra Pusill,Face Mask Set,15,91638,1374570,FAILED,BANK TRANSFER
707,2025-03-12,Kayle Gumme,Sunglasses,22,884069,19449518,FAILED,BANK TRANSFER
708,2024-09-26,Dore Ambrosini,Digital Food Thermometer,90,803121,72280890,SUCCESS,PAY PAL
709,2024-12-13,Mellie Goldstraw,Artisan Bread Loaf,74,365327,27034198,FAILED,QRIS
710,2025-06-04,Georgena Rojahn,Kitchen Scale,62,30689,1902718,FAILED,BANK TRANSFER
711,2024-12-03,Tremaine Raiment,Tandoori Chicken Skewers,62,848245,52591190,SUCCESS,QRIS
712,2025-03-30,Carolan Torrie,Cinnamon Sugar Tortilla Chips,4,522879,2091516,FAILED,QRIS
713,2024-10-27,Myra Pudner,Outdoor Fire Pit,83,733432,60874856,FAILED,PAY PAL
714,2024-09-30,Elyssa O'Glassane,Kettle Chip Variety Pack,27,417539,11273553,SUCCESS,PAY PAL
715,2025-06-09,Jorgan McNelis,Coconut Cream Pie,84,538929,45270036,SUCCESS,BANK TRANSFER
716,2024-08-16,Wayland Iacovaccio,Tomato Paste,71,408354,28993134,FAILED,CASH
717,2025-03-11,Maryanne Tesseyman,Mushroom Soup (canned),6,982996,5897976,FAILED,QRIS
718,2024-12-01,Swen Skiplorne,Vegetable Fried Rice Mix,9,380099,3420891,FAILED,BANK TRANSFER
719,2024-12-13,Roderigo Groger,Fitbit Activity Tracker,23,384952,8853896,SUCCESS,CREDIT CARD
720,2024-11-12,Quinn Crepel,Multicolored LED Strip Lights,44,646023,28425012,FAILED,CREDIT CARD
721,2025-01-28,Mariam Dainton,Outdoor Picnic Blanket,89,374394,33321066,SUCCESS,QRIS
722,2025-05-19,Zuzana Wheaton,Sweet Potatoes (organic),70,645439,45180730,FAILED,CREDIT CARD
723,2024-12-29,Tan Holton,Pumpkin Spice Latte Mix,95,788949,74950155,SUCCESS,BANK TRANSFER
724,2025-05-01,Osbourn Bazoche,Caramel Apple Taffy,46,660236,30370856,SUCCESS,CASH
725,2025-01-20,Ches Franzotto,Wooden Kitchen Utensil Set,98,713957,69967786,FAILED,CASH
726,2025-05-14,Nelli Hitter,Portable Bluetooth Speaker,87,316123,27502701,SUCCESS,CASH
727,2025-04-15,Illa Mabbitt,Bamboo Bathtub Caddy,87,525782,45743034,SUCCESS,CREDIT CARD
728,2025-04-07,Rosabelle Maple,Almond Flour Bread Mix,3,696684,2090052,FAILED,PAY PAL
729,2025-02-07,Charlton Pottery,Chicken Broth,5,438365,2191825,SUCCESS,QRIS
730,2025-06-01,Christel Attewill,Quinoa,19,51305,974795,FAILED,QRIS
731,2024-07-25,Pate Piotrkowski,Herbal Tea Set,38,139941,5317758,FAILED,BANK TRANSFER
732,2024-10-04,Enrique Curley,Cushion Covers,70,863927,60474890,SUCCESS,CASH
733,2025-02-01,Taddeusz Fidgin,Orange Ginger Vinaigrette,95,883901,83970595,SUCCESS,CREDIT CARD
734,2025-04-06,Aloin Mattaser,Roasted Red Pepper Dip,76,930357,70707132,FAILED,CASH
735,2025-04-24,Joela Brehat,Pet Grooming Kit,5,463861,2319305,FAILED,QRIS
736,2024-11-20,Huey Whellans,Graphic Hoodie,68,285218,19394824,FAILED,PAY PAL
737,2024-08-08,Misha Cantrell,Honey BBQ Riblets,63,547827,34513101,FAILED,BANK TRANSFER
738,2024-11-01,Wendye Newlands,Travel Makeup Organizer,57,620464,35366448,FAILED,BANK TRANSFER
739,2024-08-13,Nikos Filintsev,Deep Tissue Massage Gun,18,793448,14282064,SUCCESS,CREDIT CARD
740,2025-02-27,Anabel Frontczak,Spinach and Ricotta Ravioli,56,721648,40412288,SUCCESS,PAY PAL
741,2024-07-20,Lorraine Cogzell,Almond Flour Cookies,93,758680,70557240,SUCCESS,BANK TRANSFER
742,2025-02-12,Mel Sheeran,Two-Tier Fruit Basket,12,98117,1177404,FAILED,CASH
743,2024-08-30,Rachael Greenland,Peanut Butter Protein Balls,66,193532,12773112,FAILED,CASH
744,2025-04-22,Albrecht Geerdts,Jump Rope with Counter,21,82633,1735293,SUCCESS,PAY PAL
745,2025-03-16,Virgil Silburn,Fitness Smartwatch,97,631179,61224363,FAILED,PAY PAL
746,2025-05-27,Teresita Geldeford,Pecan Nuts,92,875222,80520424,SUCCESS,QRIS
747,2024-10-07,Celestine Naire,Organic Quinoa,75,202300,15172500,SUCCESS,QRIS
748,2024-09-04,Ugo Elijah,Honey BBQ Riblets,85,223862,19028270,SUCCESS,CREDIT CARD
749,2025-03-30,Anthia Wasteney,Sliced Turkey Breast,89,256083,22791387,FAILED,PAY PAL
750,2025-01-17,Milt Curteis,Almond Flour Pancake Mix,45,681132,30650940,FAILED,CASH
751,2024-11-10,Nickey Sidey,Salt and Pepper Grinder Set,87,95471,8305977,FAILED,BANK TRANSFER
752,2024-10-27,Grange Biddy,Running Shorts,51,80476,4104276,FAILED,CASH
753,2024-09-22,Nisse Melrose,Maple Cinnamon Granola,85,166123,14120455,SUCCESS,CASH
754,2024-07-31,Merridie Wands,Mushroom Soup (canned),4,131352,525408,SUCCESS,PAY PAL
755,2025-02-20,Cazzie De Benedictis,Raspberry Limeade,25,918539,22963475,FAILED,QRIS
756,2025-03-28,Matelda Tollerfield,Throw Pillow Covers,13,166226,2160938,FAILED,PAY PAL
757,2025-01-14,Bess Bayne,Sliced Olives,63,231848,14606424,SUCCESS,BANK TRANSFER
758,2024-08-28,Inessa Janusz,Electric Screwdriver,52,344698,17924296,SUCCESS,CASH
759,2025-04-26,Shep Beckingham,Honey Garlic Sauce,60,245305,14718300,FAILED,BANK TRANSFER
760,2024-12-16,Tamarra Sudran,Chocolate Dipped Fruit,98,215238,21093324,FAILED,CREDIT CARD
761,2025-03-03,Onofredo Bedford,Kale Salad Kit,5,959242,4796210,SUCCESS,QRIS
762,2024-12-01,Arden Goskar,Samsung Galaxy Smartwatch,74,497880,36843120,SUCCESS,BANK TRANSFER
763,2024-08-25,Trenna Meiklejohn,Graphic Print Leggings,31,598957,18567667,SUCCESS,QRIS
764,2025-03-03,Gus Deddum,Spinach Feta Wraps,34,677391,23031294,FAILED,BANK TRANSFER
765,2025-05-12,Joanna Strongitharm,Antique Style Clock,94,632890,59491660,SUCCESS,CASH
766,2024-10-08,Gil Manuely,Thermostatic Shower Valve Kit,100,710401,71040100,FAILED,PAY PAL
767,2025-07-13,Geraldine Cortez,Blueberry Muffin Mix,45,707579,31841055,SUCCESS,QRIS
768,2024-09-17,Maddy Withur,Plaid Flannel Shirt,30,828452,24853560,FAILED,CREDIT CARD
769,2024-10-22,Lindsay Dymocke,Non-Stick Crepe Pan,43,496597,21353671,SUCCESS,PAY PAL
770,2025-06-02,Atlante Sygrove,Canvas High-Top Sneakers,74,589188,43599912,SUCCESS,CREDIT CARD
771,2024-12-26,Charlotte Barizeret,Vegan Cheese,93,450158,41864694,SUCCESS,PAY PAL
772,2024-10-22,Peria Essberger,Chewy Granola Bars,7,236041,1652287,FAILED,CASH
773,2024-11-22,Malachi Turbitt,Sea Salt Caramel Popcorn,42,514984,21629328,SUCCESS,CASH
774,2024-07-27,Tamra Bythway,Pet Hair Remover,72,497486,35818992,SUCCESS,BANK TRANSFER
775,2024-10-15,Karlens MacNulty,Grapes (red),46,778636,35817256,FAILED,CREDIT CARD
776,2025-06-13,Bellina Brechin,Sweet Potatoes (organic),7,57977,405839,SUCCESS,PAY PAL
777,2024-11-10,Andrea Iacovozzo,Portable Charcoal Grill,52,831561,43241172,FAILED,CASH
778,2024-12-06,Franky Akid,Tabletop Fire Pit,32,188140,6020480,SUCCESS,QRIS
779,2024-07-25,Neel Roisen,Stick Vacuums Cleaner,5,890148,4450740,FAILED,PAY PAL
780,2024-09-26,Melisande Nealey,Flavored Instant Oatmeal,39,77139,3008421,FAILED,CREDIT CARD
781,2024-12-14,Janith Gooddy,Honey Roasted Chickpeas,35,397907,13926745,SUCCESS,PAY PAL
782,2024-09-29,Dolph Gaudon,Kettle Chip Variety Pack,53,836514,44335242,SUCCESS,PAY PAL
783,2024-08-02,Gisela Domotor,Gluten-Free Pancake Mix,94,146645,13784630,FAILED,QRIS
784,2025-03-12,Dasie Cornock,Teriyaki Chicken Stir-Fry,3,593544,1780632,SUCCESS,CASH
785,2025-03-23,Violette Von Welden,Herbed Couscous,70,999887,69992090,SUCCESS,CREDIT CARD
786,2024-11-05,Bronnie Bleby,Phone Case,22,930865,20479030,SUCCESS,BANK TRANSFER
787,2024-08-14,Cathi Jimeno,Green Tea Matcha Powder,69,433631,29920539,FAILED,BANK TRANSFER
788,2024-11-12,Stanislas Gowthrop,Multi-Purpose Scissors,23,651409,14982407,SUCCESS,BANK TRANSFER
789,2025-03-08,Michal Tichelaar,BBQ Sauce,56,904955,50677480,FAILED,BANK TRANSFER
790,2025-01-10,Jeramey Renouf,Outdoor Mosquito Repellent Lantern,83,381891,31696953,FAILED,CASH
791,2025-01-23,Wilfred Blowers,Kitchen Scale,31,777320,24096920,SUCCESS,BANK TRANSFER
792,2024-11-27,Weider Sleeman,Plant-Based Protein Bars,60,159413,9564780,SUCCESS,CASH
793,2025-04-05,Jermaine Ferryman,Inspirational Wall Art,26,903290,23485540,SUCCESS,CASH
794,2024-12-26,Joy Barnfield,Sunglasses,52,811931,42220412,SUCCESS,CASH
795,2025-07-18,Estevan Booth,Cabbage,67,813657,54515019,SUCCESS,QRIS
796,2024-08-18,Shep Kliemann,Set of Gardening Gloves with Claws,55,289092,15900060,FAILED,QRIS
797,2024-12-09,Brooke Sutherby,Garlic and Herb Rub,52,467428,24306256,SUCCESS,CREDIT CARD
798,2024-11-22,Sampson Dombrell,Pet Hair Removal Brush,17,915856,15569552,FAILED,CREDIT CARD
799,2025-03-27,Corena Lowis,Tomatillo Salsa,97,508575,49331775,SUCCESS,BANK TRANSFER
800,2024-09-02,Norris Younghusband,Pet Reflective Vest,36,345168,12426048,SUCCESS,BANK TRANSFER
801,2025-07-18,Aloisia Pinching,Hummus,79,212528,16789712,FAILED,QRIS
802,2024-12-10,Mame Cansdill,Smart Fitness Scale,18,375318,6755724,SUCCESS,PAY PAL
803,2024-08-28,Toddy Edinborough,Coffee Making Kit,81,378547,30662307,FAILED,QRIS
804,2025-06-19,Christel Piggens,Mini Meatballs,78,282584,22041552,SUCCESS,PAY PAL
805,2024-11-14,Conrado Pencott,Karaoke Microphone,5,785203,3926015,SUCCESS,PAY PAL
806,2025-04-19,Vilhelmina Pepler,Indian Curry Sauce,45,798214,35919630,FAILED,CASH
807,2024-12-05,Karoly Panniers,Organic Italian Seasoning,46,819826,37711996,SUCCESS,CASH
808,2025-01-27,Brandon Beauvais,Eco-Friendly Cleaning Cloths,35,18317,641095,FAILED,QRIS
809,2025-02-01,Guthrey O' Reagan,Mediterranean Flatbread,28,766808,21470624,FAILED,CREDIT CARD
810,2024-08-25,Jonathon Chorlton,Beef Jerky,73,958069,69939037,FAILED,PAY PAL
811,2025-05-13,Cariotta Gulc,Maple Breakfast Sausage,70,795348,55674360,FAILED,CREDIT CARD
812,2024-11-13,Trent Aylett,Beef Taco Skillet,68,609703,41459804,FAILED,CASH
813,2024-09-09,Joey Foort,Dried Cranberries,75,893508,67013100,FAILED,BANK TRANSFER
814,2024-11-04,Melisa Mingaud,Multi-Tool,62,342011,21204682,SUCCESS,PAY PAL
815,2024-09-24,Ronna Brooksby,Herb Garden Planter Box,10,179731,1797310,FAILED,PAY PAL
816,2025-03-14,Tomasine Dykas,Italian Marinara Sauce,46,788645,36277670,FAILED,QRIS
817,2024-10-08,Ronalda Trill,Scented Candle Set,5,62402,312010,SUCCESS,CREDIT CARD
818,2024-10-20,Jeanette Gore,Chipotle Seasoning Blend,9,612084,5508756,SUCCESS,PAY PAL
819,2025-05-14,Benyamin Shoubridge,Quinoa and Kale Salad Kit,14,51999,727986,SUCCESS,BANK TRANSFER
820,2024-11-02,Adam Trimmell,Lemon Herb Grilled Chicken,83,612317,50822311,FAILED,CASH
821,2024-11-04,Nefen Yanyshev,Electric Bike,29,369867,10726143,SUCCESS,BANK TRANSFER
822,2025-01-30,Hyacinthia Fishbourne,Cinnamon Spiced Almonds,41,437129,17922289,SUCCESS,QRIS
823,2024-08-22,Carola Ferryn,Foot Massager Machine,2,571804,1143608,SUCCESS,QRIS
824,2024-11-05,Ingamar Ferenczi,Almond Flour Cookies,34,253414,8616076,FAILED,CASH
825,2025-06-05,Elisha Huby,Frozen Burritos,92,291108,26781936,SUCCESS,PAY PAL
826,2024-11-27,Prentiss Pippard,Almond Flour Pizza Crust,7,132262,925834,FAILED,CASH
827,2024-11-25,Yance Mathan,Electric Rice Cooker with Steamer,76,46607,3542132,SUCCESS,PAY PAL
828,2025-02-17,Hilliary Gudgen,Electric Pressure Washer,16,719274,11508384,FAILED,CASH
829,2024-12-06,Drusi Cornforth,Chocolate Raspberry Tart,55,666951,36682305,SUCCESS,CREDIT CARD
830,2024-07-28,Stanleigh Gress,Athletic Sports Bra,38,728653,27688814,SUCCESS,PAY PAL
831,2024-09-08,Austin Baynes,Classic Vanilla Fudge,3,994317,2982951,FAILED,CASH
832,2024-10-29,Ruthie Nation,Sun-Dried Tomato Pesto,52,73796,3837392,SUCCESS,CREDIT CARD
833,2025-05-09,Zelig Slessor,Black Bean Salsa,21,699194,14683074,SUCCESS,PAY PAL
834,2024-08-15,Aurthur Nornasell,Avocado Oil,63,364322,22952286,SUCCESS,CASH
835,2025-07-03,Bibby Denisovo,Sweet Potato Fries,31,79424,2462144,SUCCESS,PAY PAL
836,2024-09-28,Elane Churchlow,Organic Green Lentils,59,99251,5855809,SUCCESS,QRIS
837,2024-10-05,Coleman Comoletti,Electric Rice Cooker with Steamer,29,438855,12726795,FAILED,BANK TRANSFER
838,2025-06-12,Elden Malinson,Portable Ice Maker,80,131084,10486720,SUCCESS,CASH
839,2024-12-19,Marigold Buncom,Hot Dog Buns,29,398578,11558762,SUCCESS,QRIS
840,2024-11-18,Engracia Boyles,Essential Oil Diffuser,74,185778,13747572,FAILED,PAY PAL
841,2025-01-03,Lauree McCrackan,Protein Pancake Mix,58,482080,27960640,FAILED,BANK TRANSFER
842,2024-09-10,Eadmund Skaif,Air Fryer Oven,69,85355,5889495,SUCCESS,CASH
843,2025-01-23,Layney Campany,Dual Function Electric Skillet,76,720954,54792504,SUCCESS,CASH
844,2024-10-31,Luz Fann,Infrared Thermometer,84,670279,56303436,SUCCESS,QRIS
845,2024-08-06,Ezekiel Danbye,Pepper Jack Cheese Sticks,11,872827,9601097,SUCCESS,CREDIT CARD
846,2025-02-17,Ginevra Kern,Smart LED Light Strip,44,201633,8871852,SUCCESS,QRIS
847,2025-04-23,Karel Serotsky,Lightweight Rain Jacket,87,455763,39651381,FAILED,CASH
848,2025-07-09,Janelle Bourner,Overnight Duffle Bag,41,181080,7424280,FAILED,CASH
849,2024-11-02,Cherrita Footer,LED Flashlight with Rechargeable Batteries,39,649543,25332177,SUCCESS,QRIS
850,2024-09-15,Lorrin Windridge,Fashionable Fanny Pack,36,671167,24162012,FAILED,CASH
851,2024-12-14,Kip Ramelot,Pet Grooming Glove,15,958193,14372895,SUCCESS,BANK TRANSFER
852,2025-03-08,Guy Noton,Pet Camera with Treat Dispenser,94,21982,2066308,FAILED,QRIS
853,2024-09-28,Ellary Stroton,Almond Butter Cups,5,595268,2976340,SUCCESS,CASH
854,2024-12-05,Vale Daniello,Apple Pie Filling,41,961215,39409815,SUCCESS,QRIS
855,2024-09-16,Myrtia Blackbourn,Spicy Tuna Rolls,29,388204,11257916,SUCCESS,BANK TRANSFER
856,2024-12-22,Lizzy Lockett,Camping Chair with Cooler,33,853836,28176588,SUCCESS,QRIS
857,2025-03-11,Corinne Saice,Non-Stick Grill Pan,69,753667,52003023,FAILED,CREDIT CARD
858,2025-02-04,Tessie Apthorpe,Lemon Herb Quinoa,32,878396,28108672,SUCCESS,PAY PAL
859,2024-10-31,Karlik Butland,Leather Wallet,27,707574,19104498,SUCCESS,CREDIT CARD
860,2024-08-17,Fancy Youle,Silicone Wine Glasses,68,317130,21564840,SUCCESS,PAY PAL
861,2025-06-09,Dagny Hazelby,Herbed Chicken Breast,71,737514,52363494,SUCCESS,CASH
862,2025-05-24,Nicoline Marzello,Stylish Wide-Leg Trousers,51,597226,30458526,FAILED,QRIS
863,2024-10-15,Darrell Karlmann,Graphic Tee,28,9135,255780,FAILED,QRIS
864,2024-09-10,Jacquenetta Stennett,Suction Cup Hooks,86,360548,31007128,SUCCESS,BANK TRANSFER
865,2024-07-27,Ailey Raitie,Digital Alarm Clock,93,44343,4123899,FAILED,QRIS
866,2024-07-30,Janie Pither,Solar Garden Lights,84,40021,3361764,FAILED,CASH
867,2024-11-06,Jaquith Denney,Ginger Snaps,4,4084,16336,SUCCESS,CREDIT CARD
868,2025-01-08,Catlin Youel,Vegan Taco Seasoning,76,419810,31905560,FAILED,BANK TRANSFER
869,2025-04-26,Breanne Kyllford,Smartphone Tripod with Bluetooth Remote,52,395824,20582848,SUCCESS,BANK TRANSFER
870,2024-08-10,Estel Fearn,Mediterranean Flatbread,92,619757,57017644,SUCCESS,BANK TRANSFER
871,2025-01-27,Jobyna Aylott,Canned Black Beans,50,623705,31185250,FAILED,PAY PAL
872,2024-07-25,Danella Perche,Foldable Picnic Table,77,253843,19545911,FAILED,CREDIT CARD
873,2024-12-14,Charis Attenborough,Avocado Lime Dressing,33,738048,24355584,SUCCESS,BANK TRANSFER
874,2025-05-25,Rex Gogin,Lemon Basil Pasta Sauce,18,67261,1210698,SUCCESS,PAY PAL
875,2024-08-25,Niko Claughton,Winter Knit Beanie,82,74691,6124662,FAILED,PAY PAL
876,2025-01-02,Iver Harbert,Spinach and Ricotta Ravioli,59,847479,50001261,SUCCESS,CASH
877,2025-03-03,Holden Gillingwater,Sliced Provolone Cheese,40,471284,18851360,SUCCESS,CASH
878,2025-05-03,Teddie Graves,Vintage Button-Down Shirt,41,401327,16454407,SUCCESS,CREDIT CARD
879,2025-05-20,Nickolas Froom,Outdoor Fire Pit,87,659281,57357447,SUCCESS,BANK TRANSFER
880,2025-06-04,Alessandro Cloke,Oven-Baked Parmesan Zucchini,73,403277,29439221,FAILED,QRIS
881,2025-03-14,Patty Cortese,Premium Flashlight,99,47425,4695075,FAILED,PAY PAL
882,2025-03-08,Trev Adcocks,Italian Pasta,78,927796,72368088,SUCCESS,PAY PAL
883,2025-01-09,Teddie Van Baaren,Savory Quinoa Pudding,6,373396,2240376,SUCCESS,QRIS
884,2025-05-16,Trevor Frankton,Wireless Music Receiver,33,77816,2567928,FAILED,BANK TRANSFER
885,2025-04-20,Carine Firmage,Portable Solar Path Lights,74,476972,35295928,FAILED,BANK TRANSFER
886,2025-03-27,Roseanne Stute,Interchangeable Watch Bands,98,631923,61928454,SUCCESS,QRIS
887,2025-07-15,Sibel Liquorish,Summer Tank Dress,13,411275,5346575,SUCCESS,CASH
888,2024-07-27,Alameda Huckster,Wrap Jumpsuit,67,305595,20474865,FAILED,CREDIT CARD
889,2024-11-11,Austin Matthewes,Portable Camping Shower,67,882283,59112961,FAILED,CREDIT CARD
890,2025-07-13,Frank Booley,Maple Almond Butter,58,934691,54212078,FAILED,CREDIT CARD
891,2025-04-18,Wald Franzoli,Measuring Cups Set,47,82097,3858559,FAILED,BANK TRANSFER
892,2025-03-29,Antonius Keymar,Miso Soup Mix,46,252641,11621486,SUCCESS,BANK TRANSFER
893,2025-01-27,Hyacintha Dauber,Camping Tent,22,993680,21860960,SUCCESS,CREDIT CARD
894,2025-02-01,Roscoe Rizzotto,Electric Wine Opener,37,673387,24915319,FAILED,CREDIT CARD
895,2025-04-30,Lind Snozzwell,Baby Safety Corner Guards,65,72313,4700345,SUCCESS,QRIS
896,2025-01-19,Niles Webbe,Mesh Sports Leggings,6,741841,4451046,FAILED,CASH
897,2025-01-25,Miriam Barnsdale,Repair Tool Set for Home Improvement,57,496138,28279866,FAILED,QRIS
898,2025-05-28,Jamal Axon,Vegan Protein Powder,35,924376,32353160,SUCCESS,PAY PAL
899,2025-02-12,Burgess Flecknell,Personal Security Alarm Keychain,12,222566,2670792,SUCCESS,CASH
900,2024-10-05,Josi Feldklein,Digital Stopwatch Timer,23,815877,18765171,FAILED,CREDIT CARD
901,2024-10-27,Mirella Garmston,Overnight Duffle Bag,87,838481,72947847,SUCCESS,BANK TRANSFER
902,2025-03-12,Anjela Wearn,Children's Educational Puzzle,50,84507,4225350,FAILED,QRIS
903,2024-08-08,Orson Rainsden,Electric Razor,37,396154,14657698,FAILED,CREDIT CARD
904,2025-01-30,Terence Bowcock,Zesty Garlic Hummus,48,161830,7767840,FAILED,BANK TRANSFER
905,2025-04-26,Theadora Cattle,Miso Dressing,93,256646,23868078,FAILED,PAY PAL
906,2025-06-04,Rea Armiger,Compact Electric Kettle,40,273042,10921680,FAILED,BANK TRANSFER
907,2024-12-11,Zsa zsa Caveney,Shatterproof Wine Glasses,72,159846,11508912,SUCCESS,CREDIT CARD
908,2024-09-12,Hope Thoumasson,Dog Training Collar,38,242996,9233848,SUCCESS,QRIS
909,2025-07-02,Erhard Connichie,Almond Flour Bread Mix,7,598180,4187260,SUCCESS,CREDIT CARD
910,2025-06-21,Howard Gunter,Recipe Book Stand,5,62702,313510,SUCCESS,QRIS
911,2024-10-01,Bryana Croxley,Yoga Wheel,47,526431,24742257,SUCCESS,QRIS
912,2024-09-10,Philip McKillop,Cacao Nibs,93,948360,88197480,SUCCESS,PAY PAL
913,2025-06-04,Cindy Tarbin,DIY Organic Gardening Kit,54,921916,49783464,SUCCESS,PAY PAL
914,2024-11-06,Kikelia Donoghue,Garlic & Herb Goat Cheese,82,123405,10119210,FAILED,PAY PAL
915,2025-02-16,Joelynn Warn,Gardening Kneeler and Seat,3,354326,1062978,FAILED,BANK TRANSFER
916,2025-02-20,Marley Boother,Wireless HDMI Receiver,13,713084,9270092,SUCCESS,BANK TRANSFER
917,2025-06-22,Dierdre Harley,Vegetable Pizza Rolls,59,554994,32744646,SUCCESS,CASH
918,2024-11-11,Laraine Maycey,Rain Jacket,67,121917,8168439,FAILED,CREDIT CARD
919,2025-05-06,Tansy Diwell,Roasted Garlic Mashed Potatoes,37,214350,7930950,SUCCESS,PAY PAL
920,2025-01-21,Consuela Tarplee,Honey Sesame Cashews,81,423093,34270533,SUCCESS,QRIS
921,2025-04-30,Silvano Milton,Vegetarian Chili,19,818143,15544717,FAILED,PAY PAL
922,2025-06-17,Eal Boothby,Adjustable Pet Grooming Table,26,162779,4232254,SUCCESS,PAY PAL
923,2024-07-31,Terrell Brun,Emergency Preparedness Kit,71,480603,34122813,SUCCESS,CREDIT CARD
924,2024-10-08,Waite Huffa,Caraway Rye Bread,90,682243,61401870,SUCCESS,CASH
925,2025-03-27,Teresa Izchaki,Electric Griddle with Removable Plates,62,923226,57240012,FAILED,PAY PAL
926,2025-02-09,Emelita Renac,Wooden Toy Train Set,45,33581,1511145,FAILED,CASH
927,2024-10-15,Ethe Moyer,Electric Heat Pad,45,543801,24471045,SUCCESS,BANK TRANSFER
928,2025-05-10,Mercedes Breckon,Classic Pumps,24,217960,5231040,SUCCESS,QRIS
929,2025-06-19,Glenine Oxburgh,Pumpkin Spice Creamer,73,568858,41526634,SUCCESS,CASH
930,2025-05-27,Shelby Murford,Multi-Functional Rice Cooker,3,887945,2663835,SUCCESS,QRIS
931,2024-12-18,Danit Kleinholz,Rechargeable Battery Organizer,38,489884,18615592,SUCCESS,CREDIT CARD
932,2024-12-21,Jarib Plaice,Organic Coconut Sugar,31,236867,7342877,FAILED,BANK TRANSFER
933,2024-11-17,Hartley De Ambrosis,Saffron Rice Mix,84,703691,59110044,SUCCESS,CASH
934,2024-12-04,Vincent Doran,Peach Preserves,53,310527,16457931,SUCCESS,CASH
935,2025-03-17,Donni Moizer,Chocolate Dipped Fruit,94,326225,30665150,SUCCESS,QRIS
936,2024-07-27,Colan Liveley,Plaid Flannel Shirt,64,379822,24308608,SUCCESS,QRIS
937,2024-12-27,Hasheem Dolman,Over-The-Door Shoe Organizer,72,676181,48685032,SUCCESS,BANK TRANSFER
938,2024-10-22,Dell Knuckles,Nail Polish Set,31,626966,19435946,FAILED,CREDIT CARD
939,2024-11-11,Erin McGlue,Pressure Cooker,8,875103,7000824,FAILED,QRIS
940,2025-02-02,Mirabella Oloshkin,Electric Food Steamer,73,739825,54007225,FAILED,BANK TRANSFER
941,2024-09-08,Greta Collumbine,Garlic and Herb Rub,85,201380,17117300,SUCCESS,QRIS
942,2025-01-26,Deloria Harland,Beef Enchilada Casserole,47,730276,34322972,SUCCESS,CREDIT CARD
943,2025-01-18,Sharia Kenzie,Sweet Chili Thai Sauce,28,579785,16233980,FAILED,PAY PAL
944,2025-04-07,Reyna Baison,Lockable Bicycle Chain,36,752928,27105408,SUCCESS,CREDIT CARD
945,2025-01-23,Emmerich Order,Ice Cream Maker,57,759004,43263228,SUCCESS,BANK TRANSFER
946,2025-07-10,Blanca Lockless,Classic BBQ Sauce,32,771651,24692832,FAILED,CREDIT CARD
947,2024-11-11,Sharity Ching,Colorful Post-It Notes Set,85,849608,72216680,FAILED,QRIS
948,2025-05-03,Alvina Jacquot,Coconut Cream Pie Yogurt,86,920505,79163430,SUCCESS,CASH
949,2024-10-24,Rodrique McClay,Drone,78,22762,1775436,SUCCESS,CASH
950,2024-09-19,Rana Glavias,Maple Oatmeal,99,88927,8803773,FAILED,CREDIT CARD
951,2024-12-10,Parry Ramirez,Organic Lentil Soup,71,383091,27199461,FAILED,BANK TRANSFER
952,2025-01-30,Earvin Keirl,Siphon Coffee Maker,70,370180,25912600,FAILED,BANK TRANSFER
953,2024-08-23,Sheridan Pentecust,Ankle Boots,37,904694,33473678,FAILED,QRIS
954,2025-04-22,Gallard Elcum,Manual Coffee Grinder,74,380516,28158184,SUCCESS,QRIS
955,2025-02-18,Ivan Feeney,Tortilla Chips,69,185194,12778386,FAILED,CREDIT CARD
956,2024-07-27,Arda Berkelay,Wireless Security Camera,23,862095,19828185,FAILED,CASH
957,2024-10-29,Sammie Crayker,Outdoor Picnic Blanket,91,495909,45127719,SUCCESS,QRIS
958,2025-03-15,Ivar McFeat,Sweet Potatoes (organic),85,238857,20302845,SUCCESS,QRIS
959,2024-12-21,Rosalinda Lochead,Peanut Butter Chocolate Chip Bars,78,571233,44556174,FAILED,CREDIT CARD
960,2024-12-01,Llywellyn Scheffler,Breathable Face Mask Set,66,288345,19030770,SUCCESS,QRIS
961,2025-02-01,Drugi Parrett,Wrap Front Midi Skirt,35,548140,19184900,FAILED,CREDIT CARD
962,2025-05-08,Jamey Aleksidze,Tandoori Chicken Skewers,51,64186,3273486,SUCCESS,BANK TRANSFER
963,2025-04-15,Dottie Itzhaki,DIY Candle Making Kit,93,965901,89828793,SUCCESS,BANK TRANSFER
964,2024-08-20,Betteann Ottery,Collapsible Water Bottle,27,358644,9683388,FAILED,CASH
965,2025-02-04,Abdul Scare,Children's Garden Tool Set,96,459463,44108448,SUCCESS,CASH
966,2024-09-09,Joanne Baudain,Chili Powder,44,404997,17819868,FAILED,CREDIT CARD
967,2025-04-28,Dan Moston,Black Bean Spaghetti,70,403089,28216230,FAILED,BANK TRANSFER
968,2024-09-12,Elle Bilfoot,Pumpkin Spice Coffee,83,470187,39025521,SUCCESS,BANK TRANSFER
969,2025-03-08,Winni Kos,Foldable Yoga Mat,71,56654,4022434,SUCCESS,PAY PAL
970,2024-10-30,Marlowe Frickey,Electric Fondue Pot,40,392478,15699120,FAILED,PAY PAL
971,2024-12-09,Carlene Guynemer,Photo Album,49,319197,15640653,FAILED,CASH
972,2024-11-28,Irina De Hooge,Canned Black Beans,100,324439,32443900,SUCCESS,BANK TRANSFER
973,2024-12-07,Lyndsie Poston,Portable Charcoal Grill,52,562414,29245528,SUCCESS,QRIS
974,2025-05-31,Emmy Farnworth,Tomatillo Salsa,94,891209,83773646,FAILED,CASH
975,2025-06-23,Bekki Binfield,Garden Tool Set,61,565864,34517704,SUCCESS,BANK TRANSFER
976,2024-11-27,Corney Pulster,Sun-Dried Tomatoes,52,318153,16543956,FAILED,CASH
977,2025-02-04,Curr Sabbin,Pineapple Chunks (canned),60,203747,12224820,FAILED,QRIS
978,2025-06-17,Francklin Tyre,Frozen Burritos,59,349792,20637728,FAILED,BANK TRANSFER
979,2025-03-20,Elene Paten,Organic Whole Grain Oats,75,848864,63664800,SUCCESS,PAY PAL
980,2025-01-19,Jenifer Wordsley,Organic Coconut Sugar,17,563470,9578990,FAILED,PAY PAL
981,2025-05-12,Mellisa Bahde,Almond Butter Granola Bars,12,15892,190704,FAILED,CREDIT CARD
982,2024-11-20,Caye Bearward,Lemon Herb Grilled Chicken,67,301529,20202443,SUCCESS,PAY PAL
983,2024-12-04,Bethina Giannazzi,Bluetooth Tracker,25,398694,9967350,FAILED,PAY PAL
984,2025-03-03,Emmit Fallow,Pet Hair Vacuum Cleaner Attachment,9,713218,6418962,FAILED,PAY PAL
985,2024-09-12,Janette Tousey,Lemon Pepper Seasoning,37,205779,7613823,FAILED,QRIS
986,2025-03-30,Kaila Feltoe,Pasta Salad Kit,15,277191,4157865,FAILED,BANK TRANSFER
987,2024-08-06,Moore Scatchar,Air Fryer,49,680562,33347538,SUCCESS,BANK TRANSFER
988,2024-11-05,Wilow Barajas,High-Speed Blender,26,541758,14085708,FAILED,PAY PAL
989,2025-01-18,Hebert Rangle,Veggie Lovers Pizza,72,970527,69877944,SUCCESS,PAY PAL
990,2025-07-07,Marylynne Jertz,Electric Rice Cooker,94,329544,30977136,FAILED,BANK TRANSFER
991,2024-12-31,Violetta Spittle,Organic Brown Sugar,40,704612,28184480,FAILED,BANK TRANSFER
992,2024-12-16,Norton Alen,Waffle Maker,86,985689,84769254,FAILED,PAY PAL
993,2025-04-23,Chastity Garrals,Raspberry Vanilla Greek Yogurt,67,911235,61052745,SUCCESS,PAY PAL
994,2025-05-26,Bartholomew Slatcher,Tailored Dress Pants,7,529196,3704372,FAILED,QRIS
995,2025-03-13,Elliot Balazin,Portable Hammock,4,281027,1124108,FAILED,CREDIT CARD
996,2025-01-30,Arch Flipek,Maple Almond Yogurt,29,327938,9510202,SUCCESS,BANK TRANSFER
997,2025-01-23,Marji MacCurtain,Weighted Blanket for Adults,13,160388,2085044,SUCCESS,QRIS
998,2024-11-26,Land Soares,Cold Brew Coffee Concentrate,82,118536,9719952,SUCCESS,CREDIT CARD
999,2025-04-03,Carlos Alldis,Organic Granola,46,187470,8623620,SUCCESS,CASH
1000,2024-09-29,Port Cadamy,Maple Almond Yogurt,28,332173,9300844,FAILED,PAY PAL
